"name","essround","edition","proddate","idno","cntry","dweight","pspwght","pweight","anweight","tvpol","nwsppol","crmvct","aesfdrk","health","rlgdgr","blgetmg","eimrcnt","eimpcnt","imhecop","imacrlv","imbghct","stimrdt","gndr","agea","edulvla","hincfel"
"ESS1e06_7",1,"6.7","23.11.2023",2,"ES",1.2672,2.3464944,2.0200796,4.7401056,1,1,2,2,2,3,2,2,2,3,2,5,3,2,17,1,8
"ESS1e06_7",1,"6.7","23.11.2023",5,"ES",0.8448,0.70053184,2.0200796,1.4151301,4,1,2,2,2,0,2,2,1,4,2,3,5,1,38,3,3
"ESS1e06_7",1,"6.7","23.11.2023",8,"ES",1.2672,2.413873,2.0200796,4.8762155,3,0,2,4,3,0,2,2,2,3,3,5,4,1,20,2,2
"ESS1e06_7",1,"6.7","23.11.2023",13,"ES",0.8652,1.0648167,2.0200796,2.1510146,66,66,2,1,2,0,2,4,4,4,2,2,4,1,22,2,2
"ESS1e06_7",1,"6.7","23.11.2023",15,"ES",0.8652,0.73702955,2.0200796,1.4888583,3,66,1,8,3,5,2,2,8,8,1,88,8,1,80,1,2
"ESS1e06_7",1,"6.7","23.11.2023",22,"ES",1.7304,2.1296334,2.0200796,4.302029,1,66,2,2,2,3,2,2,1,4,4,7,4,1,16,2,1
"ESS1e06_7",1,"6.7","23.11.2023",23,"ES",0.4326,0.41509965,2.0200796,0.83853436,0,66,2,2,2,8,2,3,3,2,2,88,1,2,61,1,3
"ESS1e06_7",1,"6.7","23.11.2023",25,"ES",1.7941,2.9828842,2.0200796,6.0256634,3,1,2,2,2,3,7,1,1,5,5,3,5,1,22,5,1
"ESS1e06_7",1,"6.7","23.11.2023",27,"ES",1.3456,0.6275136,2.0200796,1.2676274,0,66,2,3,2,3,2,1,1,4,3,5,4,2,40,3,2
"ESS1e06_7",1,"6.7","23.11.2023",31,"ES",0.897,0.4183113,2.0200796,0.84502214,2,66,2,2,1,6,2,3,3,4,2,2,5,2,42,3,3
"ESS1e06_7",1,"6.7","23.11.2023",36,"ES",1.3456,1.1313396,2.0200796,2.2853959,1,66,1,2,3,4,2,4,3,2,1,88,3,2,45,5,2
"ESS1e06_7",1,"6.7","23.11.2023",37,"ES",1.7045,2.0977578,2.0200796,4.237638,1,66,1,2,2,2,2,3,3,4,2,88,3,1,32,2,2
"ESS1e06_7",1,"6.7","23.11.2023",38,"ES",0.8522,0.8177252,2.0200796,1.65187,1,66,2,2,3,7,2,3,3,8,8,88,8,2,68,1,3
"ESS1e06_7",1,"6.7","23.11.2023",41,"ES",0.8522,0.72595537,2.0200796,1.4664876,1,66,2,2,2,2,2,8,8,2,8,88,8,1,82,1,3
"ESS1e06_7",1,"6.7","23.11.2023",42,"ES",0.4261,0.4088626,2.0200796,0.825935,0,66,2,3,2,4,2,3,3,2,2,88,8,2,57,1,2
"ESS1e06_7",1,"6.7","23.11.2023",43,"ES",1.2784,1.0890182,2.0200796,2.1999035,2,1,2,2,2,2,2,8,8,8,3,88,3,1,78,1,2
"ESS1e06_7",1,"6.7","23.11.2023",46,"ES",0.4261,0.4088626,2.0200796,0.825935,1,66,2,2,4,4,2,8,8,8,8,88,8,2,87,1,2
"ESS1e06_7",1,"6.7","23.11.2023",47,"ES",0.7451,0.7149578,2.0200796,1.4442716,3,66,2,4,4,10,2,1,1,2,1,88,4,2,71,1,1
"ESS1e06_7",1,"6.7","23.11.2023",48,"ES",0.7451,0.6347211,2.0200796,1.2821871,3,66,2,2,4,2,2,4,4,2,2,88,8,1,83,1,2
"ESS1e06_7",1,"6.7","23.11.2023",49,"ES",1.1177,1.5121849,2.0200796,3.0547338,1,66,2,1,3,5,2,4,4,2,1,2,3,1,38,1,1
"ESS1e06_7",1,"6.7","23.11.2023",51,"ES",0.3726,0.35752687,2.0200796,0.72223276,1,66,2,2,3,5,2,3,3,8,8,88,2,2,71,1,2
"ESS1e06_7",1,"6.7","23.11.2023",53,"ES",1.4902,1.8340151,2.0200796,3.7048566,1,66,2,1,2,2,2,1,2,2,3,2,5,1,17,2,1
"ESS1e06_7",1,"6.7","23.11.2023",54,"ES",0.7451,0.8914111,2.0200796,1.8007214,2,66,2,3,2,7,2,3,3,4,2,5,4,2,22,2,2
"ESS1e06_7",1,"6.7","23.11.2023",55,"ES",0.7451,0.7149578,2.0200796,1.4442716,1,66,2,2,4,6,2,4,4,8,8,88,8,2,80,1,3
"ESS1e06_7",1,"6.7","23.11.2023",59,"ES",0.923,0.88566107,2.0200796,1.7891059,0,66,2,2,3,4,2,3,8,8,8,88,8,2,76,1,3
"ESS1e06_7",1,"6.7","23.11.2023",60,"ES",1.3845,1.8731501,2.0200796,3.7839124,1,66,2,2,2,4,2,4,4,4,2,5,8,1,53,1,2
"ESS1e06_7",1,"6.7","23.11.2023",61,"ES",0.4615,0.44283053,2.0200796,0.89455295,1,66,2,2,3,5,2,3,3,2,2,4,3,2,83,1,3
"ESS1e06_7",1,"6.7","23.11.2023",64,"ES",0.923,0.88566107,2.0200796,1.7891059,1,66,2,2,4,5,2,3,3,8,2,6,8,2,76,1,3
"ESS1e06_7",1,"6.7","23.11.2023",66,"ES",0.923,0.78626704,2.0200796,1.588322,2,66,2,2,4,3,2,3,3,2,2,88,8,1,62,1,3
"ESS1e06_7",1,"6.7","23.11.2023",68,"ES",1.3651,1.0188773,2.0200796,2.0582132,2,66,2,2,2,3,2,2,2,2,4,6,3,2,26,3,1
"ESS1e06_7",1,"6.7","23.11.2023",69,"ES",0.6825,0.40827703,2.0200796,0.8247521,2,1,2,2,2,0,2,1,1,2,4,88,3,1,28,4,2
"ESS1e06_7",1,"6.7","23.11.2023",71,"ES",1.3651,0.8210393,2.0200796,1.6585648,3,1,2,2,2,3,2,2,3,2,3,7,3,1,48,3,1
"ESS1e06_7",1,"6.7","23.11.2023",72,"ES",1.0238,1.297414,2.0200796,2.6208794,3,1,2,2,2,3,2,3,3,2,2,5,2,1,46,5,1
"ESS1e06_7",1,"6.7","23.11.2023",73,"ES",0.3413,0.36765334,2.0200796,0.742689,1,66,2,2,4,7,2,2,2,2,2,88,3,2,74,1,3
"ESS1e06_7",1,"6.7","23.11.2023",74,"ES",0.6825,0.4104896,2.0200796,0.82922167,2,1,2,2,2,4,2,1,1,3,1,7,4,1,40,3,1
"ESS1e06_7",1,"6.7","23.11.2023",75,"ES",0.6825,0.4104896,2.0200796,0.82922167,3,1,2,2,1,1,2,2,2,2,4,5,3,1,39,3,1
"ESS1e06_7",1,"6.7","23.11.2023",76,"ES",1.0238,0.53599244,2.0200796,1.0827475,3,1,2,2,1,2,2,3,3,2,3,88,3,2,37,3,2
"ESS1e06_7",1,"6.7","23.11.2023",77,"ES",0.8614,1.1569238,2.0200796,2.337078,2,66,2,2,2,3,2,8,3,2,3,88,3,2,29,1,1
"ESS1e06_7",1,"6.7","23.11.2023",80,"ES",0.8614,0.92791265,2.0200796,1.8744575,1,66,2,2,3,7,2,2,2,2,8,2,2,2,64,1,2
"ESS1e06_7",1,"6.7","23.11.2023",83,"ES",0.8614,1.1901443,2.0200796,2.4041862,2,1,2,3,3,0,2,2,3,2,3,88,2,1,26,2,1
"ESS1e06_7",1,"6.7","23.11.2023",84,"ES",1.2921,0.7930086,2.0200796,1.6019405,6,66,1,8,3,9,2,1,3,4,2,8,2,1,77,3,1
"ESS1e06_7",1,"6.7","23.11.2023",89,"ES",1.997,2.6821184,2.0200796,5.4180927,0,66,1,3,2,6,1,4,4,8,1,88,1,2,22,2,3
"ESS1e06_7",1,"6.7","23.11.2023",90,"ES",1.6642,2.2993245,2.0200796,4.644819,1,66,2,2,3,0,1,2,4,2,1,88,2,1,23,2,3
"ESS1e06_7",1,"6.7","23.11.2023",91,"ES",0.6657,0.40038523,2.0200796,0.80881006,3,2,1,2,2,0,2,1,3,2,4,3,3,1,44,3,1
"ESS1e06_7",1,"6.7","23.11.2023",92,"ES",0.6657,0.34851548,2.0200796,0.704029,2,1,2,2,3,0,2,2,2,2,3,88,3,2,35,3,1
"ESS1e06_7",1,"6.7","23.11.2023",93,"ES",0.6657,0.66431534,2.0200796,1.3419698,2,66,2,4,3,5,2,1,3,2,1,88,2,2,53,1,3
"ESS1e06_7",1,"6.7","23.11.2023",94,"ES",0.6657,0.49686223,2.0200796,1.0037012,1,0,2,2,1,1,2,1,1,4,1,0,5,2,28,3,1
"ESS1e06_7",1,"6.7","23.11.2023",95,"ES",0.9985,1.0755988,2.0200796,2.1727953,2,66,1,3,3,9,2,3,3,3,1,1,3,2,60,1,3
"ESS1e06_7",1,"6.7","23.11.2023",96,"ES",0.6657,0.8958103,2.0200796,1.8096081,1,0,1,3,3,5,2,1,1,4,1,1,5,2,27,5,1
"ESS1e06_7",1,"6.7","23.11.2023",97,"ES",0.3328,0.33210778,2.0200796,0.67088413,0,1,2,3,2,7,2,2,2,2,1,1,5,2,50,1,2
"ESS1e06_7",1,"6.7","23.11.2023",98,"ES",0.6657,0.63662446,2.0200796,1.2860321,1,1,2,2,4,1,2,2,2,3,1,4,5,1,80,1,3
"ESS1e06_7",1,"6.7","23.11.2023",100,"ES",0.6657,0.71710175,2.0200796,1.4486027,3,66,2,3,3,7,2,4,4,2,2,88,2,2,66,1,2
"ESS1e06_7",1,"6.7","23.11.2023",101,"ES",0.7787,0.74468905,2.0200796,1.5043311,3,1,2,2,3,3,2,2,2,3,1,5,5,1,76,1,1
"ESS1e06_7",1,"6.7","23.11.2023",103,"ES",0.7787,0.46834907,2.0200796,0.9461024,2,1,2,3,4,3,2,3,3,2,1,1,2,1,46,3,2
"ESS1e06_7",1,"6.7","23.11.2023",104,"ES",1.168,1.1655706,2.0200796,2.3545454,1,66,2,3,1,4,2,1,1,2,1,2,4,2,51,1,2
"ESS1e06_7",1,"6.7","23.11.2023",105,"ES",1.168,1.1169857,2.0200796,2.2564,2,1,1,3,3,0,2,1,3,1,1,88,4,1,78,1,1
"ESS1e06_7",1,"6.7","23.11.2023",107,"ES",0.7787,1.0458516,2.0200796,2.1127036,1,66,1,3,1,7,1,1,1,2,1,88,5,2,27,1,4
"ESS1e06_7",1,"6.7","23.11.2023",109,"ES",1.168,1.1655706,2.0200796,2.3545454,3,1,2,2,2,2,2,2,2,2,3,88,2,2,46,1,1
"ESS1e06_7",1,"6.7","23.11.2023",110,"ES",0.3893,0.3722967,2.0200796,0.75206894,2,66,2,3,3,6,2,4,4,3,1,88,1,1,70,1,2
"ESS1e06_7",1,"6.7","23.11.2023",111,"ES",0.7787,0.74468905,2.0200796,1.5043311,2,0,1,4,2,3,2,2,2,2,1,1,5,1,62,1,1
"ESS1e06_7",1,"6.7","23.11.2023",115,"ES",0.8478,0.91326255,2.0200796,1.844863,1,66,2,2,3,5,2,2,3,8,8,88,2,2,72,1,1
"ESS1e06_7",1,"6.7","23.11.2023",116,"ES",0.8478,0.8002152,2.0200796,1.6164984,3,1,2,2,3,2,2,1,1,2,4,88,3,2,36,5,1
"ESS1e06_7",1,"6.7","23.11.2023",117,"ES",0.8478,0.5099093,2.0200796,1.0300573,1,66,2,2,3,3,2,2,2,2,3,88,2,1,51,3,2
"ESS1e06_7",1,"6.7","23.11.2023",119,"ES",0.8478,0.91326255,2.0200796,1.844863,2,66,2,2,3,6,2,3,4,1,2,88,1,2,68,1,2
"ESS1e06_7",1,"6.7","23.11.2023",121,"ES",0.8478,1.0743773,2.0200796,2.1703277,2,1,2,2,2,3,2,3,3,2,3,88,2,1,35,5,1
"ESS1e06_7",1,"6.7","23.11.2023",122,"ES",0.8478,1.2876843,2.0200796,2.601225,2,1,2,2,2,2,2,3,3,2,3,6,2,1,36,2,1
"ESS1e06_7",1,"6.7","23.11.2023",126,"ES",0.7417,0.5535868,2.0200796,1.1182894,66,66,1,3,2,8,2,2,2,3,1,2,5,2,31,3,2
"ESS1e06_7",1,"6.7","23.11.2023",127,"ES",0.7417,0.44609544,2.0200796,0.9011483,1,1,1,2,3,6,2,1,1,3,2,7,5,1,37,3,1
"ESS1e06_7",1,"6.7","23.11.2023",128,"ES",1.1125,1.1984012,2.0200796,2.4208658,3,0,2,2,2,8,2,3,3,1,1,1,3,2,74,1,1
"ESS1e06_7",1,"6.7","23.11.2023",129,"ES",1.8542,1.1152085,2.0200796,2.25281,2,66,1,2,1,7,2,1,1,3,1,4,5,1,35,3,1
"ESS1e06_7",1,"6.7","23.11.2023",130,"ES",1.1125,1.0639098,2.0200796,2.1491823,2,2,2,3,4,2,2,3,3,4,1,3,4,1,57,1,2
"ESS1e06_7",1,"6.7","23.11.2023",131,"ES",1.1125,1.110186,2.0200796,2.242664,1,66,2,3,2,9,1,3,3,1,1,2,3,2,40,1,1
"ESS1e06_7",1,"6.7","23.11.2023",133,"ES",2.2927,2.2879312,2.0200796,4.6218033,2,1,2,2,3,77,2,3,3,2,3,88,2,2,36,2,2
"ESS1e06_7",1,"6.7","23.11.2023",134,"ES",1.9106,1.1429363,2.0200796,2.3088224,1,66,2,2,2,3,2,2,4,3,2,88,1,1,21,3,1
"ESS1e06_7",1,"6.7","23.11.2023",135,"ES",0.7642,0.8232074,2.0200796,1.6629444,1,1,2,2,3,7,2,8,1,3,4,5,3,2,61,1,1
"ESS1e06_7",1,"6.7","23.11.2023",136,"ES",0.7642,0.8232074,2.0200796,1.6629444,3,66,2,2,4,3,2,3,3,1,3,88,3,2,67,1,1
"ESS1e06_7",1,"6.7","23.11.2023",138,"ES",0.3821,0.22981402,2.0200796,0.4642426,2,1,2,2,3,3,2,2,2,1,4,88,3,1,38,3,1
"ESS1e06_7",1,"6.7","23.11.2023",139,"ES",1.5285,0.91436106,2.0200796,1.8470821,1,66,2,2,1,3,2,2,2,2,3,3,2,1,18,3,1
"ESS1e06_7",1,"6.7","23.11.2023",142,"ES",1.5285,1.6465225,2.0200796,3.3261065,5,66,2,2,4,5,2,3,3,2,2,88,3,2,59,1,1
"ESS1e06_7",1,"6.7","23.11.2023",147,"ES",0.9957,0.5956358,2.0200796,1.2032317,1,66,2,2,2,0,2,2,4,2,3,7,2,1,22,4,1
"ESS1e06_7",1,"6.7","23.11.2023",150,"ES",1.3275,2.4777682,2.0200796,5.005289,2,1,2,2,1,0,2,1,1,2,5,2,3,1,24,5,1
"ESS1e06_7",1,"6.7","23.11.2023",151,"ES",0.6638,0.6624193,2.0200796,1.3381398,0,66,2,3,2,6,2,3,3,2,1,2,4,2,36,1,2
"ESS1e06_7",1,"6.7","23.11.2023",153,"ES",0.7799,0.4083029,2.0200796,0.82480437,2,1,1,2,2,3,2,2,2,2,4,88,3,2,42,3,1
"ESS1e06_7",1,"6.7","23.11.2023",154,"ES",0.7799,0.4083029,2.0200796,0.82480437,2,2,2,2,2,3,2,3,3,2,2,88,3,2,37,3,1
"ESS1e06_7",1,"6.7","23.11.2023",156,"ES",0.7799,0.4083029,2.0200796,0.82480437,1,1,2,3,3,6,2,4,4,3,1,88,1,2,42,3,2
"ESS1e06_7",1,"6.7","23.11.2023",159,"ES",0.7799,0.84011966,2.0200796,1.6971086,1,66,2,8,4,8,2,2,2,8,1,2,5,2,74,1,3
"ESS1e06_7",1,"6.7","23.11.2023",165,"ES",0.7092,0.67822456,2.0200796,1.3700676,3,2,1,2,3,10,2,3,3,1,1,2,4,1,82,1,3
"ESS1e06_7",1,"6.7","23.11.2023",167,"ES",0.3546,0.33911228,2.0200796,0.6850338,1,66,1,3,4,0,2,3,3,1,2,4,1,1,62,2,1
"ESS1e06_7",1,"6.7","23.11.2023",168,"ES",1.0639,1.6159087,2.0200796,3.2642643,1,66,2,2,2,5,2,2,2,2,3,3,3,1,37,2,3
"ESS1e06_7",1,"6.7","23.11.2023",169,"ES",0.7092,0.67822456,2.0200796,1.3700676,1,66,2,2,3,5,2,1,1,8,1,5,5,1,89,1,4
"ESS1e06_7",1,"6.7","23.11.2023",171,"ES",0.7092,0.7639606,2.0200796,1.5432613,2,66,2,2,2,8,2,4,4,1,1,1,1,2,75,1,3
"ESS1e06_7",1,"6.7","23.11.2023",173,"ES",1.2127,0.6348877,2.0200796,1.2825236,1,66,2,3,2,7,2,2,2,2,2,6,2,2,43,3,2
"ESS1e06_7",1,"6.7","23.11.2023",177,"ES",1.2127,1.6755142,2.0200796,3.3846722,1,66,2,2,1,0,2,3,3,2,1,88,2,1,28,2,4
"ESS1e06_7",1,"6.7","23.11.2023",178,"ES",0.4042,0.301685,2.0200796,0.60942775,2,66,2,1,1,0,2,2,2,2,4,88,4,2,33,3,1
"ESS1e06_7",1,"6.7","23.11.2023",179,"ES",0.8085,1.0879714,2.0200796,2.197789,2,1,2,2,2,2,2,1,1,2,3,5,3,2,31,5,1
"ESS1e06_7",1,"6.7","23.11.2023",184,"ES",1.5635,0.9352983,2.0200796,1.8893771,2,2,2,2,2,4,2,3,3,2,4,88,2,1,20,3,1
"ESS1e06_7",1,"6.7","23.11.2023",188,"ES",0.7817,1.0519077,2.0200796,2.1249373,3,2,2,2,3,3,2,3,3,2,3,88,2,2,34,5,1
"ESS1e06_7",1,"6.7","23.11.2023",189,"ES",1.1726,0.7052602,2.0200796,1.4246818,1,66,2,1,1,0,2,1,1,5,1,2,5,1,42,3,2
"ESS1e06_7",1,"6.7","23.11.2023",192,"ES",0.3909,0.42108318,2.0200796,0.8506216,2,1,2,3,3,6,2,3,3,2,2,88,2,2,64,1,2
"ESS1e06_7",1,"6.7","23.11.2023",195,"ES",1.2849,1.2822274,2.0200796,2.5902014,1,66,2,4,3,5,2,2,3,2,1,7,4,2,53,2,2
"ESS1e06_7",1,"6.7","23.11.2023",196,"ES",1.2849,1.6282938,2.0200796,3.289283,3,1,2,2,2,3,2,2,3,3,2,5,4,1,49,5,2
"ESS1e06_7",1,"6.7","23.11.2023",197,"ES",0.4283,0.4095933,2.0200796,0.8274111,2,66,2,1,3,3,2,1,1,3,3,88,3,1,73,1,2
"ESS1e06_7",1,"6.7","23.11.2023",200,"ES",1.7132,2.305396,2.0200796,4.6570835,2,66,1,3,3,2,2,4,4,2,1,88,3,2,27,5,1
"ESS1e06_7",1,"6.7","23.11.2023",205,"ES",0.8771,0.8595294,2.0200796,1.7363178,1,66,1,3,3,9,2,8,3,3,2,88,3,2,72,1,3
"ESS1e06_7",1,"6.7","23.11.2023",206,"ES",0.4386,0.42981368,2.0200796,0.8682579,1,66,1,4,3,9,2,3,3,2,2,6,2,2,74,1,2
"ESS1e06_7",1,"6.7","23.11.2023",208,"ES",0.4386,0.42981368,2.0200796,0.8682579,1,1,1,3,3,9,2,2,2,2,2,7,2,2,64,1,3
"ESS1e06_7",1,"6.7","23.11.2023",209,"ES",0.8771,0.48971146,2.0200796,0.98925614,1,1,2,2,4,5,2,3,3,2,2,6,3,1,70,3,3
"ESS1e06_7",1,"6.7","23.11.2023",210,"ES",0.8771,0.77429914,2.0200796,1.5641459,1,66,2,2,2,6,2,2,2,2,2,5,4,1,73,5,2
"ESS1e06_7",1,"6.7","23.11.2023",213,"ES",0.4386,0.24488366,2.0200796,0.4946845,0,1,2,2,2,10,2,1,1,4,4,8,5,1,57,3,8
"ESS1e06_7",1,"6.7","23.11.2023",214,"ES",0.8771,0.75313336,2.0200796,1.5213894,1,2,2,2,3,4,2,2,2,2,2,5,4,2,35,5,1
"ESS1e06_7",1,"6.7","23.11.2023",218,"ES",1.5133,1.8489889,2.0200796,3.7351048,2,66,1,2,2,3,2,1,1,2,4,6,4,2,32,2,2
"ESS1e06_7",1,"6.7","23.11.2023",222,"ES",0.5044,0.49429554,2.0200796,0.9985163,3,66,2,2,3,0,2,2,2,2,2,6,5,2,73,1,2
"ESS1e06_7",1,"6.7","23.11.2023",223,"ES",1.0089,0.54904735,2.0200796,1.1091194,2,1,2,2,2,5,2,1,1,3,3,8,3,1,32,4,1
"ESS1e06_7",1,"6.7","23.11.2023",224,"ES",0.5044,0.49429554,2.0200796,0.9985163,2,66,2,2,2,5,2,2,2,3,1,8,4,2,65,1,3
"ESS1e06_7",1,"6.7","23.11.2023",226,"ES",0.5044,0.23827651,2.0200796,0.48133752,2,66,2,2,4,5,2,2,2,2,1,6,4,2,76,3,2
"ESS1e06_7",1,"6.7","23.11.2023",231,"ES",0.6869,0.6731396,2.0200796,1.3597956,1,66,2,3,3,3,2,4,1,2,2,6,4,2,61,1,3
"ESS1e06_7",1,"6.7","23.11.2023",232,"ES",1.0303,0.8963505,2.0200796,1.8106993,1,66,2,3,3,5,2,3,3,2,4,5,2,1,64,2,2
"ESS1e06_7",1,"6.7","23.11.2023",234,"ES",0.6869,0.94911516,2.0200796,1.9172882,66,66,1,2,3,5,2,3,3,8,2,5,3,1,43,1,2
"ESS1e06_7",1,"6.7","23.11.2023",235,"ES",0.6869,0.37583947,2.0200796,0.75922567,0,66,2,2,3,0,2,1,2,2,2,6,3,1,39,3,2
"ESS1e06_7",1,"6.7","23.11.2023",237,"ES",1.9946,1.8107603,2.0200796,3.6578798,1,66,2,3,5,5,2,8,8,8,1,88,1,2,51,1,2
"ESS1e06_7",1,"6.7","23.11.2023",238,"ES",0.7978,0.9747726,2.0200796,1.9691182,1,66,2,4,3,7,2,4,4,4,1,1,1,2,25,2,2
"ESS1e06_7",1,"6.7","23.11.2023",240,"ES",0.7978,0.7242678,2.0200796,1.4630786,1,66,2,3,4,6,2,3,3,8,2,6,3,2,53,1,2
"ESS1e06_7",1,"6.7","23.11.2023",242,"ES",0.7978,0.781818,2.0200796,1.5793345,0,66,1,4,2,10,2,2,2,2,2,5,2,2,63,1,3
"ESS1e06_7",1,"6.7","23.11.2023",243,"ES",1.1968,0.81262165,2.0200796,1.6415604,1,1,1,3,2,0,2,1,1,4,4,6,4,2,19,3,2
"ESS1e06_7",1,"6.7","23.11.2023",244,"ES",1.9946,2.4370537,2.0200796,4.9230423,0,66,2,2,2,10,2,4,2,3,2,88,2,2,21,2,2
"ESS1e06_7",1,"6.7","23.11.2023",245,"ES",1.1968,1.6536629,2.0200796,3.3405306,1,1,1,2,1,10,2,8,8,5,5,7,8,1,38,2,2
"ESS1e06_7",1,"6.7","23.11.2023",246,"ES",0.7978,0.9747726,2.0200796,1.9691182,0,66,2,8,3,5,2,3,3,2,2,88,3,2,26,1,2
"ESS1e06_7",1,"6.7","23.11.2023",258,"ES",0.6161,0.7497437,2.0200796,1.514542,3,66,2,1,1,8,2,4,3,8,2,5,4,2,82,1,2
"ESS1e06_7",1,"6.7","23.11.2023",261,"ES",0.9241,1.0130447,2.0200796,2.046431,3,4,2,1,3,8,2,2,2,4,3,7,4,1,74,5,1
"ESS1e06_7",1,"6.7","23.11.2023",263,"ES",0.6161,0.51947904,2.0200796,1.049389,6,66,2,1,3,7,2,1,1,4,3,4,3,2,27,4,2
"ESS1e06_7",1,"6.7","23.11.2023",265,"ES",1.2321,1.0388737,2.0200796,2.0986075,2,0,2,2,2,5,2,3,3,2,1,88,2,2,20,4,2
"ESS1e06_7",1,"6.7","23.11.2023",268,"ES",0.6461,0.78625125,2.0200796,1.5882901,2,66,2,1,2,8,2,4,2,4,2,7,4,2,69,1,2
"ESS1e06_7",1,"6.7","23.11.2023",269,"ES",0.6461,0.78625125,2.0200796,1.5882901,2,66,2,1,4,8,2,3,2,3,1,7,8,2,77,1,2
"ESS1e06_7",1,"6.7","23.11.2023",270,"ES",0.6461,0.43899402,2.0200796,0.88680285,2,66,2,1,2,5,2,4,1,3,2,6,3,1,42,3,1
"ESS1e06_7",1,"6.7","23.11.2023",271,"ES",1.2923,1.5726242,2.0200796,3.176826,2,66,2,1,3,4,2,8,8,3,1,88,3,2,57,1,1
"ESS1e06_7",1,"6.7","23.11.2023",272,"ES",0.6461,0.78625125,2.0200796,1.5882901,3,66,2,2,3,9,2,4,2,3,1,5,4,2,71,1,1
"ESS1e06_7",1,"6.7","23.11.2023",273,"ES",0.6461,0.38212255,2.0200796,0.77191794,1,1,2,1,2,6,2,3,2,2,3,5,2,2,39,3,2
"ESS1e06_7",1,"6.7","23.11.2023",275,"ES",0.9692,1.5127513,2.0200796,3.0558782,2,66,2,1,3,7,2,3,2,3,2,5,4,1,33,2,1
"ESS1e06_7",1,"6.7","23.11.2023",276,"ES",0.6461,0.78625125,2.0200796,1.5882901,2,66,2,2,3,8,2,3,2,3,2,5,8,2,70,1,2
"ESS1e06_7",1,"6.7","23.11.2023",277,"ES",0.69,0.521332,2.0200796,1.0531322,3,2,1,2,3,5,2,3,3,1,1,10,1,2,33,3,2
"ESS1e06_7",1,"6.7","23.11.2023",282,"ES",1.38,0.7313589,2.0200796,1.4774032,2,2,2,3,3,4,2,8,8,4,3,3,3,2,42,3,3
"ESS1e06_7",1,"6.7","23.11.2023",283,"ES",2.415,2.6334634,2.0200796,5.3198056,7,66,2,3,1,10,2,1,1,2,1,5,1,2,56,1,2
"ESS1e06_7",1,"6.7","23.11.2023",286,"ES",0.69,0.7524181,2.0200796,1.5199444,1,66,2,3,2,7,2,2,2,2,2,8,2,2,65,1,1
"ESS1e06_7",1,"6.7","23.11.2023",288,"ES",1.035,1.4475814,2.0200796,2.9242296,0,66,2,1,1,0,2,4,4,2,2,0,2,1,17,1,1
"ESS1e06_7",1,"6.7","23.11.2023",289,"ES",0.8253,0.7989591,2.0200796,1.613961,88,88,2,1,4,88,8,8,8,8,8,88,8,1,78,1,2
"ESS1e06_7",1,"6.7","23.11.2023",290,"ES",0.8253,0.49977213,2.0200796,1.0095795,2,1,2,1,1,5,2,1,1,2,1,3,4,1,24,3,2
"ESS1e06_7",1,"6.7","23.11.2023",291,"ES",0.8253,0.7989591,2.0200796,1.613961,2,66,2,1,4,2,2,3,3,8,8,88,4,1,70,1,1
"ESS1e06_7",1,"6.7","23.11.2023",292,"ES",0.8253,0.7989591,2.0200796,1.613961,2,66,2,1,1,88,2,2,2,3,1,88,4,1,77,1,2
"ESS1e06_7",1,"6.7","23.11.2023",294,"ES",1.238,1.3499907,2.0200796,2.7270887,66,66,2,1,2,88,2,8,8,8,8,88,8,2,75,1,2
"ESS1e06_7",1,"6.7","23.11.2023",297,"ES",0.8253,1.2689245,2.0200796,2.5633285,2,66,2,1,1,3,2,2,2,3,3,5,3,1,41,1,2
"ESS1e06_7",1,"6.7","23.11.2023",300,"ES",0.3944,0.50595075,2.0200796,1.0220608,5,1,2,1,2,8,2,4,2,4,2,2,2,1,53,5,1
"ESS1e06_7",1,"6.7","23.11.2023",301,"ES",1.5775,1.5985678,2.0200796,3.2292342,3,66,2,2,3,3,2,8,2,2,3,88,3,2,999,1,4
"ESS1e06_7",1,"6.7","23.11.2023",304,"ES",1.5775,2.206338,2.0200796,4.4569783,1,66,2,2,1,0,2,1,2,4,5,9,4,1,16,2,2
"ESS1e06_7",1,"6.7","23.11.2023",308,"ES",0.7888,0.79683894,2.0200796,1.6096781,3,66,1,2,3,6,2,3,3,3,4,5,4,2,36,2,2
"ESS1e06_7",1,"6.7","23.11.2023",309,"ES",0.3995,0.43563917,2.0200796,0.8800258,0,66,2,1,4,88,2,8,8,8,8,88,8,2,84,1,2
"ESS1e06_7",1,"6.7","23.11.2023",310,"ES",1.1986,0.9056066,2.0200796,1.8293974,1,1,2,1,1,7,2,3,3,4,3,5,3,2,17,3,1
"ESS1e06_7",1,"6.7","23.11.2023",312,"ES",0.3995,0.43563917,2.0200796,0.8800258,1,66,2,1,4,7,2,8,8,8,8,88,8,2,71,1,2
"ESS1e06_7",1,"6.7","23.11.2023",313,"ES",1.1986,1.3070265,2.0200796,2.6402977,0,0,2,1,4,10,2,8,8,8,8,88,8,2,60,1,2
"ESS1e06_7",1,"6.7","23.11.2023",315,"ES",1.5981,2.2351496,2.0200796,4.51518,1,0,2,1,2,3,2,2,3,2,2,6,3,1,33,2,1
"ESS1e06_7",1,"6.7","23.11.2023",316,"ES",0.799,0.7734985,2.0200796,1.5625285,1,66,2,1,4,3,2,8,8,8,8,88,8,1,67,1,2
"ESS1e06_7",1,"6.7","23.11.2023",320,"ES",0.8102,0.82102036,2.0200796,1.6585265,66,66,2,1,5,88,2,8,8,8,8,88,8,2,999,1,4
"ESS1e06_7",1,"6.7","23.11.2023",321,"ES",0.8102,0.8834915,2.0200796,1.7847232,0,66,2,1,4,88,2,8,8,8,8,88,8,2,72,1,3
"ESS1e06_7",1,"6.7","23.11.2023",323,"ES",0.8102,1.1015394,2.0200796,2.2251973,1,66,2,1,2,4,2,2,2,3,2,6,3,2,30,2,2
"ESS1e06_7",1,"6.7","23.11.2023",324,"ES",0.8102,0.78434104,2.0200796,1.5844313,2,66,2,1,2,5,2,1,1,4,2,3,8,1,69,1,2
"ESS1e06_7",1,"6.7","23.11.2023",325,"ES",0.8102,0.8834915,2.0200796,1.7847232,88,66,2,1,4,7,2,1,1,3,2,88,8,2,70,1,3
"ESS1e06_7",1,"6.7","23.11.2023",326,"ES",0.8102,0.8834915,2.0200796,1.7847232,1,66,2,1,5,6,2,8,8,3,2,88,8,2,82,1,3
"ESS1e06_7",1,"6.7","23.11.2023",327,"ES",0.8102,1.1015394,2.0200796,2.2251973,1,66,2,1,1,6,2,1,2,2,2,3,2,2,29,2,2
"ESS1e06_7",1,"6.7","23.11.2023",342,"ES",1.2591,1.2719319,2.0200796,2.5694036,4,66,2,1,4,6,2,4,1,2,5,0,5,2,45,1,3
"ESS1e06_7",1,"6.7","23.11.2023",345,"ES",0.8394,0.8245693,2.0200796,1.6656955,4,2,2,3,2,2,2,2,2,8,2,8,4,1,58,5,1
"ESS1e06_7",1,"6.7","23.11.2023",347,"ES",0.4197,0.4063045,2.0200796,0.82076746,3,66,2,2,2,5,2,3,3,1,2,88,2,1,62,1,2
"ESS1e06_7",1,"6.7","23.11.2023",352,"ES",0.841,0.6451116,2.0200796,1.3031769,1,1,1,2,2,4,2,4,2,2,3,8,3,2,25,3,3
"ESS1e06_7",1,"6.7","23.11.2023",354,"ES",0.4205,0.22625124,2.0200796,0.45704553,2,1,2,2,2,7,2,1,1,4,4,7,4,2,46,3,3
"ESS1e06_7",1,"6.7","23.11.2023",355,"ES",0.4205,0.25992432,2.0200796,0.5250678,5,1,2,2,2,0,2,1,1,4,4,6,4,1,44,3,3
"ESS1e06_7",1,"6.7","23.11.2023",356,"ES",0.841,1.3127844,2.0200796,2.6519291,1,66,2,2,2,2,2,2,2,2,3,7,2,1,39,2,2
"ESS1e06_7",1,"6.7","23.11.2023",363,"ES",1.0763,1.6800832,2.0200796,3.3939018,2,1,1,3,1,2,2,2,3,1,1,0,2,1,39,2,7
"ESS1e06_7",1,"6.7","23.11.2023",365,"ES",1.6145,1.0183598,2.0200796,2.0571678,7,1,1,4,3,0,2,2,4,4,1,1,5,1,86,4,2
"ESS1e06_7",1,"6.7","23.11.2023",369,"ES",0.8751,1.2426072,2.0200796,2.5101655,1,66,1,3,3,0,2,8,8,4,3,5,8,1,16,2,2
"ESS1e06_7",1,"6.7","23.11.2023",370,"ES",1.1668,1.6568096,2.0200796,3.3468874,0,66,2,8,2,6,2,8,8,3,3,5,8,1,16,2,7
"ESS1e06_7",1,"6.7","23.11.2023",371,"ES",0.5834,0.31390005,2.0200796,0.6341031,88,66,2,2,3,88,2,3,3,3,3,88,8,2,35,4,3
"ESS1e06_7",1,"6.7","23.11.2023",372,"ES",1.1668,0.6226939,2.0200796,1.2578913,66,0,2,8,1,0,2,2,3,3,3,5,4,2,57,3,1
"ESS1e06_7",1,"6.7","23.11.2023",374,"ES",0.8751,0.47085008,2.0200796,0.95115465,0,0,2,4,2,5,2,2,2,5,8,6,8,2,40,3,8
"ESS1e06_7",1,"6.7","23.11.2023",377,"ES",0.5834,0.5983339,2.0200796,1.2086821,1,66,2,2,2,5,2,2,2,3,3,6,8,2,44,2,3
"ESS1e06_7",1,"6.7","23.11.2023",378,"ES",0.5834,0.3586742,2.0200796,0.7245504,1,66,2,2,2,3,2,2,3,3,3,5,3,1,33,3,3
"ESS1e06_7",1,"6.7","23.11.2023",379,"ES",0.8007,0.88644844,2.0200796,1.7906964,6,66,2,2,2,4,2,2,2,2,2,88,8,2,74,1,1
"ESS1e06_7",1,"6.7","23.11.2023",383,"ES",1.2011,1.6579082,2.0200796,3.3491066,4,66,2,3,2,3,2,3,3,4,5,3,2,2,33,2,3
"ESS1e06_7",1,"6.7","23.11.2023",384,"ES",1.6015,1.6848059,2.0200796,3.403442,66,0,1,3,1,0,2,8,8,3,4,5,3,2,51,77,2
"ESS1e06_7",1,"6.7","23.11.2023",385,"ES",0.8007,0.8211963,2.0200796,1.6588819,5,5,1,3,2,0,2,7,7,3,3,2,2,2,52,1,3
"ESS1e06_7",1,"6.7","23.11.2023",386,"ES",0.4004,0.5685521,2.0200796,1.1485205,3,1,8,2,2,0,2,2,2,3,2,4,1,1,26,2,3
"ESS1e06_7",1,"6.7","23.11.2023",387,"ES",0.8007,0.4922702,2.0200796,0.994425,7,1,2,1,2,6,2,2,2,1,1,1,3,1,24,3,3
"ESS1e06_7",1,"6.7","23.11.2023",390,"ES",0.4004,0.4432796,2.0200796,0.89546007,1,0,2,3,3,8,2,2,2,2,1,4,8,2,86,1,3
"ESS1e06_7",1,"6.7","23.11.2023",395,"ES",0.7856,0.7721251,2.0200796,1.5597543,2,66,2,2,1,3,2,1,1,2,2,88,4,1,76,2,1
"ESS1e06_7",1,"6.7","23.11.2023",396,"ES",1.1784,1.2085646,2.0200796,2.4413967,3,0,2,2,2,0,2,1,1,3,3,5,3,2,45,2,2
"ESS1e06_7",1,"6.7","23.11.2023",398,"ES",1.5712,2.1729534,2.0200796,4.389539,7,0,2,3,2,3,2,2,2,5,4,88,5,2,28,5,2
"ESS1e06_7",1,"6.7","23.11.2023",399,"ES",0.7856,0.86973137,2.0200796,1.7569267,6,66,2,2,2,8,2,3,3,3,4,5,4,2,62,1,8
"ESS1e06_7",1,"6.7","23.11.2023",400,"ES",1.5712,2.2310414,2.0200796,4.506881,1,2,2,2,1,4,2,1,1,5,5,5,5,1,25,2,2
"ESS1e06_7",1,"6.7","23.11.2023",401,"ES",0.7856,0.42269436,2.0200796,0.85387623,2,2,7,2,2,3,2,1,1,3,4,7,4,2,37,3,1
"ESS1e06_7",1,"6.7","23.11.2023",402,"ES",0.3928,0.43486568,2.0200796,0.8784633,0,66,2,2,2,10,2,1,1,8,1,0,3,2,76,1,1
"ESS1e06_7",1,"6.7","23.11.2023",403,"ES",0.7658,0.47336516,2.0200796,0.9562353,0,66,8,4,2,10,2,3,3,3,8,5,8,1,52,3,3
"ESS1e06_7",1,"6.7","23.11.2023",404,"ES",0.7658,0.75266474,2.0200796,1.5204427,1,66,1,3,3,6,2,8,8,2,1,5,8,1,72,1,4
"ESS1e06_7",1,"6.7","23.11.2023",405,"ES",1.1487,0.61806136,2.0200796,1.2485331,0,66,2,2,2,88,7,3,3,2,2,4,5,2,37,3,3
"ESS1e06_7",1,"6.7","23.11.2023",406,"ES",0.7658,0.47336516,2.0200796,0.9562353,7,66,2,2,2,2,2,2,2,2,5,7,5,1,40,3,2
"ESS1e06_7",1,"6.7","23.11.2023",408,"ES",0.7658,0.4120409,2.0200796,0.8323554,5,1,2,2,2,3,2,2,2,3,5,7,5,2,36,3,2
"ESS1e06_7",1,"6.7","23.11.2023",409,"ES",1.1487,0.61806136,2.0200796,1.2485331,66,0,2,2,4,0,7,3,3,3,3,2,3,2,40,3,3
"ESS1e06_7",1,"6.7","23.11.2023",410,"ES",0.7658,0.75266474,2.0200796,1.5204427,2,0,2,3,3,6,2,8,8,3,3,7,8,1,57,1,4
"ESS1e06_7",1,"6.7","23.11.2023",411,"ES",0.3829,0.37633237,2.0200796,0.76022136,88,66,2,2,3,8,2,2,2,3,3,6,1,1,72,1,3
"ESS1e06_7",1,"6.7","23.11.2023",412,"ES",0.3829,0.23668258,2.0200796,0.47811764,7,2,2,2,2,4,2,3,3,3,5,7,5,1,45,3,4
"ESS1e06_7",1,"6.7","23.11.2023",415,"ES",1.1297,0.6945393,2.0200796,1.4030247,5,1,2,2,2,7,2,2,2,5,3,5,2,1,32,3,1
"ESS1e06_7",1,"6.7","23.11.2023",416,"ES",1.1297,1.2506816,2.0200796,2.5264764,0,66,2,2,2,10,2,2,2,3,3,3,8,2,70,1,4
"ESS1e06_7",1,"6.7","23.11.2023",417,"ES",1.1297,1.2506816,2.0200796,2.5264764,0,66,8,8,4,9,2,8,8,2,2,2,8,2,72,1,4
"ESS1e06_7",1,"6.7","23.11.2023",418,"ES",1.6946,2.4062645,2.0200796,4.860846,2,66,2,2,2,5,2,2,2,3,3,6,2,1,23,2,2
"ESS1e06_7",1,"6.7","23.11.2023",421,"ES",1.1297,0.60783833,2.0200796,1.2278818,7,66,2,2,2,4,2,1,1,4,2,3,4,2,36,3,1
"ESS1e06_7",1,"6.7","23.11.2023",422,"ES",0.5649,0.30394608,2.0200796,0.61399525,2,66,2,2,2,5,2,1,1,3,2,2,4,2,37,3,3
"ESS1e06_7",1,"6.7","23.11.2023",424,"ES",1.1297,0.6983032,2.0200796,1.4106281,7,66,1,3,1,4,2,1,1,3,3,4,2,1,42,4,1
"ESS1e06_7",1,"6.7","23.11.2023",426,"ES",0.7361,0.7480568,2.0200796,1.5111344,7,2,2,4,3,10,2,1,3,2,1,8,1,2,71,1,2
"ESS1e06_7",1,"6.7","23.11.2023",428,"ES",0.7361,0.8800266,2.0200796,1.7777238,2,2,2,2,3,0,2,1,1,4,5,5,5,1,38,5,2
"ESS1e06_7",1,"6.7","23.11.2023",429,"ES",0.7361,0.7480568,2.0200796,1.5111344,4,2,2,2,2,5,2,1,3,2,3,8,4,2,65,1,2
"ESS1e06_7",1,"6.7","23.11.2023",432,"ES",1.1041,1.5820491,2.0200796,3.1958652,66,66,2,2,2,1,2,3,3,4,3,88,4,1,39,1,1
"ESS1e06_7",1,"6.7","23.11.2023",434,"ES",0.7361,0.3635598,2.0200796,0.73441976,1,1,1,4,2,0,2,4,4,1,1,88,2,2,37,3,2
"ESS1e06_7",1,"6.7","23.11.2023",435,"ES",0.8117,0.45808214,2.0200796,0.9253624,1,1,2,2,2,0,2,2,2,4,4,3,4,1,31,4,3
"ESS1e06_7",1,"6.7","23.11.2023",437,"ES",0.4059,0.36620086,2.0200796,0.7397549,6,66,2,4,4,5,2,4,4,5,1,88,2,1,81,1,2
"ESS1e06_7",1,"6.7","23.11.2023",438,"ES",0.8117,0.82488483,2.0200796,1.6663331,2,66,2,4,5,8,2,4,4,2,1,2,1,2,75,1,4
"ESS1e06_7",1,"6.7","23.11.2023",442,"ES",0.8117,1.0580004,2.0200796,2.1372452,2,1,2,2,4,10,1,1,1,5,2,9,5,1,28,1,4
"ESS1e06_7",1,"6.7","23.11.2023",444,"ES",2.0293,1.7670183,2.0200796,3.5695176,3,1,2,1,2,1,2,4,4,2,1,2,1,1,999,1,2
"ESS1e06_7",1,"6.7","23.11.2023",445,"ES",0.9189,1.6180426,2.0200796,3.268575,66,1,2,2,1,2,2,2,2,3,3,1,5,1,29,5,2
"ESS1e06_7",1,"6.7","23.11.2023",448,"ES",1.3783,1.9749464,2.0200796,3.989549,1,0,2,1,1,3,2,2,2,2,1,4,4,1,42,1,2
"ESS1e06_7",1,"6.7","23.11.2023",451,"ES",0.9189,1.1642967,2.0200796,2.351972,1,66,2,3,2,2,2,2,2,2,3,2,3,2,31,2,2
"ESS1e06_7",1,"6.7","23.11.2023",452,"ES",1.8378,1.0371608,2.0200796,2.0951474,2,2,2,3,2,3,2,2,2,2,4,6,4,1,31,3,2
"ESS1e06_7",1,"6.7","23.11.2023",453,"ES",0.9189,1.1977289,2.0200796,2.4195077,1,0,2,1,1,5,2,3,3,2,2,5,2,1,16,2,2
"ESS1e06_7",1,"6.7","23.11.2023",454,"ES",0.9189,0.93382615,2.0200796,1.8864032,1,0,2,3,3,6,2,3,3,2,3,8,8,2,79,1,2
"ESS1e06_7",1,"6.7","23.11.2023",460,"ES",1.8079,1.2729969,2.0200796,2.5715551,2,2,1,2,2,5,2,1,3,3,4,88,5,2,20,3,2
"ESS1e06_7",1,"6.7","23.11.2023",462,"ES",1.8079,2.2951307,2.0200796,4.636347,1,1,2,2,3,0,2,1,1,5,5,5,5,2,29,5,3
"ESS1e06_7",1,"6.7","23.11.2023",464,"ES",1.8079,2.2951307,2.0200796,4.636347,2,1,1,3,3,3,2,1,1,4,5,5,5,2,23,5,8
"ESS1e06_7",1,"6.7","23.11.2023",468,"ES",1.8079,1.8299769,2.0200796,3.6966991,1,1,1,2,2,2,2,7,7,7,5,8,5,2,999,5,1
"ESS1e06_7",1,"6.7","23.11.2023",471,"ES",0.7962,0.71832746,2.0200796,1.4510787,2,4,2,2,3,7,2,4,4,2,1,1,1,1,72,1,1
"ESS1e06_7",1,"6.7","23.11.2023",472,"ES",0.7962,0.71832746,2.0200796,1.4510787,1,3,1,4,3,5,2,2,2,2,4,5,2,1,70,1,1
"ESS1e06_7",1,"6.7","23.11.2023",475,"ES",1.1943,0.8409427,2.0200796,1.6987711,3,1,2,3,1,2,2,2,2,2,3,3,4,2,19,3,2
"ESS1e06_7",1,"6.7","23.11.2023",476,"ES",0.7962,0.71832746,2.0200796,1.4510787,2,1,2,2,2,0,2,1,1,2,3,3,4,1,56,2,3
"ESS1e06_7",1,"6.7","23.11.2023",478,"ES",0.7962,1.4019866,2.0200796,2.8321245,2,3,2,2,2,0,2,1,1,3,4,5,5,1,30,5,1
"ESS1e06_7",1,"6.7","23.11.2023",481,"ES",0.9035,0.8045204,2.0200796,1.6251953,2,2,1,2,2,1,2,8,8,2,3,0,5,2,38,5,8
"ESS1e06_7",1,"6.7","23.11.2023",483,"ES",0.4517,0.64723444,2.0200796,1.3074651,2,0,1,3,2,1,2,3,3,4,3,2,4,1,38,2,3
"ESS1e06_7",1,"6.7","23.11.2023",486,"ES",0.9035,0.8045204,2.0200796,1.6251953,2,1,2,2,1,6,2,1,1,2,3,0,4,2,38,5,1
"ESS1e06_7",1,"6.7","23.11.2023",488,"ES",0.9035,1.1469941,2.0200796,2.3170195,66,2,1,1,2,0,2,1,1,3,3,5,4,2,25,5,2
"ESS1e06_7",1,"6.7","23.11.2023",489,"ES",0.9035,1.0801575,2.0200796,2.1820042,2,1,1,2,2,0,2,3,3,3,4,0,4,1,41,5,1
"ESS1e06_7",1,"6.7","23.11.2023",493,"ES",0.4701,0.44256955,2.0200796,0.89402574,2,1,2,3,2,3,2,2,2,2,3,5,4,2,52,2,3
"ESS1e06_7",1,"6.7","23.11.2023",494,"ES",0.9401,0.9553705,2.0200796,1.9299245,2,66,2,3,3,8,2,2,2,2,4,6,4,2,71,1,3
"ESS1e06_7",1,"6.7","23.11.2023",498,"ES",1.4102,2.483147,2.0200796,5.0161543,1,1,1,3,2,2,2,1,1,2,4,6,4,1,27,5,2
"ESS1e06_7",1,"6.7","23.11.2023",499,"ES",0.9401,0.5334197,2.0200796,1.0775503,3,1,2,2,2,3,2,1,2,2,3,5,4,1,46,3,2
"ESS1e06_7",1,"6.7","23.11.2023",501,"ES",0.9401,0.9553705,2.0200796,1.9299245,2,66,2,3,4,6,2,2,3,2,3,5,2,2,81,1,2
"ESS1e06_7",1,"6.7","23.11.2023",502,"ES",0.9401,0.88504493,2.0200796,1.7878612,1,1,1,2,2,2,2,1,1,2,3,8,5,2,41,2,1
"ESS1e06_7",1,"6.7","23.11.2023",514,"ES",1.2343,1.129969,2.0200796,2.2826273,1,66,1,2,2,2,2,1,1,4,2,5,4,1,60,5,2
"ESS1e06_7",1,"6.7","23.11.2023",519,"ES",0.8713,0.50448126,2.0200796,1.0190923,3,1,2,2,3,5,2,3,3,3,2,4,3,1,58,3,1
"ESS1e06_7",1,"6.7","23.11.2023",521,"ES",0.4357,0.40247238,2.0200796,0.81302625,1,2,1,1,1,8,2,2,2,2,2,3,4,2,71,5,3
"ESS1e06_7",1,"6.7","23.11.2023",522,"ES",0.8713,1.5342262,2.0200796,3.0992591,2,2,2,2,2,7,2,1,1,3,4,5,4,1,33,5,1
"ESS1e06_7",1,"6.7","23.11.2023",523,"ES",0.8713,0.8048524,2.0200796,1.6258659,1,2,2,1,2,5,2,3,3,4,2,7,4,2,85,5,1
"ESS1e06_7",1,"6.7","23.11.2023",526,"ES",0.8713,0.8854529,2.0200796,1.7886854,3,1,1,3,3,8,2,3,3,4,4,3,4,2,66,2,1
"ESS1e06_7",1,"6.7","23.11.2023",527,"ES",1.307,1.2073247,2.0200796,2.4388921,4,2,1,3,3,7,2,1,1,2,4,4,4,2,55,5,1
"ESS1e06_7",1,"6.7","23.11.2023",529,"ES",0.4775,0.43713862,2.0200796,0.8830548,66,1,2,1,1,9,2,2,2,2,3,4,3,1,71,5,1
"ESS1e06_7",1,"6.7","23.11.2023",532,"ES",0.9551,0.85046756,2.0200796,1.7180122,2,1,1,3,2,1,2,1,1,4,5,7,4,2,37,5,2
"ESS1e06_7",1,"6.7","23.11.2023",539,"ES",1.4326,1.4558704,2.0200796,2.940974,6,1,2,4,4,8,2,4,3,2,2,2,4,2,70,2,3
"ESS1e06_7",1,"6.7","23.11.2023",540,"ES",0.9551,0.8991665,2.0200796,1.816388,2,1,1,2,1,5,1,3,1,2,3,2,4,2,41,2,4
"ESS1e06_7",1,"6.7","23.11.2023",541,"ES",0.4509,0.40150332,2.0200796,0.81106865,1,1,2,3,2,2,2,1,1,2,4,7,4,2,39,5,2
"ESS1e06_7",1,"6.7","23.11.2023",542,"ES",0.9017,1.0780057,2.0200796,2.1776574,5,1,2,2,2,4,2,1,1,4,4,7,4,1,50,5,1
"ESS1e06_7",1,"6.7","23.11.2023",543,"ES",0.9017,0.5116313,2.0200796,1.033536,3,66,2,3,2,2,2,2,2,2,7,7,4,1,43,3,2
"ESS1e06_7",1,"6.7","23.11.2023",544,"ES",2.2543,2.3183417,2.0200796,4.6832347,2,2,2,3,3,3,2,2,2,2,4,7,4,1,999,5,2
"ESS1e06_7",1,"6.7","23.11.2023",545,"ES",0.9017,0.5088736,2.0200796,1.0279652,2,1,2,2,3,2,2,2,4,1,1,2,1,1,29,3,2
"ESS1e06_7",1,"6.7","23.11.2023",547,"ES",1.8035,1.6059242,2.0200796,3.2440948,2,1,2,2,3,2,2,2,2,2,4,7,4,2,46,5,2
"ESS1e06_7",1,"6.7","23.11.2023",548,"ES",0.4509,0.25584403,2.0200796,0.5168253,1,1,1,2,2,2,2,1,1,2,4,8,5,1,44,3,2
"ESS1e06_7",1,"6.7","23.11.2023",551,"ES",0.4509,0.53906256,2.0200796,1.0889493,1,2,2,2,3,2,2,1,1,4,4,7,4,1,42,5,2
"ESS1e06_7",1,"6.7","23.11.2023",552,"ES",0.9017,0.8029176,2.0200796,1.6219574,2,1,1,2,3,3,2,2,2,2,4,6,4,2,54,5,2
"ESS1e06_7",1,"6.7","23.11.2023",553,"ES",1.1443,1.1628875,2.0200796,2.3491251,1,1,2,3,3,3,2,2,2,2,4,6,4,2,62,2,2
"ESS1e06_7",1,"6.7","23.11.2023",556,"ES",0.7629,0.7182223,2.0200796,1.4508662,2,1,2,2,2,3,2,2,2,2,4,6,4,2,52,2,2
"ESS1e06_7",1,"6.7","23.11.2023",561,"ES",1.5258,1.8241333,2.0200796,3.6848946,2,1,2,3,3,2,2,1,1,2,4,7,4,1,49,5,1
"ESS1e06_7",1,"6.7","23.11.2023",565,"ES",0.7461,0.4233427,2.0200796,0.855186,6,66,2,2,2,0,2,3,3,3,1,2,2,1,37,4,2
"ESS1e06_7",1,"6.7","23.11.2023",566,"ES",1.4922,1.4048123,2.0200796,2.8378327,2,66,2,3,2,4,2,1,1,5,1,8,4,2,53,1,2
"ESS1e06_7",1,"6.7","23.11.2023",568,"ES",1.1192,1.0536563,2.0200796,2.1284697,2,0,1,2,2,2,2,2,4,1,4,2,5,2,52,1,2
"ESS1e06_7",1,"6.7","23.11.2023",569,"ES",0.3731,0.37916043,2.0200796,0.7659343,2,66,1,4,3,4,2,1,1,2,2,8,4,2,61,1,2
"ESS1e06_7",1,"6.7","23.11.2023",571,"ES",0.7461,0.67312753,2.0200796,1.3597713,1,66,2,3,4,0,2,1,2,1,8,10,1,1,75,1,1
"ESS1e06_7",1,"6.7","23.11.2023",572,"ES",1.1192,1.0097364,2.0200796,2.039748,1,1,2,2,2,10,8,2,2,2,1,7,3,1,65,1,2
"ESS1e06_7",1,"6.7","23.11.2023",573,"ES",0.7461,0.75821924,2.0200796,1.5316632,3,0,2,3,2,4,2,3,3,3,3,4,2,2,55,1,3
"ESS1e06_7",1,"6.7","23.11.2023",574,"ES",1.1192,1.6036856,2.0200796,3.2395725,1,66,2,2,3,2,8,3,3,1,1,1,3,1,51,2,3
"ESS1e06_7",1,"6.7","23.11.2023",577,"ES",0.7905,0.38725245,2.0200796,0.7822808,5,1,1,3,3,4,2,2,2,1,2,2,3,2,63,3,1
"ESS1e06_7",1,"6.7","23.11.2023",580,"ES",0.7905,1.0035405,2.0200796,2.0272317,2,1,2,1,3,1,2,2,2,2,4,88,3,2,34,5,2
"ESS1e06_7",1,"6.7","23.11.2023",581,"ES",0.3952,0.1951893,2.0200796,0.39429793,2,66,1,4,2,8,2,4,4,1,4,88,8,2,36,3,4
"ESS1e06_7",1,"6.7","23.11.2023",582,"ES",0.7905,0.80334044,2.0200796,1.6228117,6,1,2,2,2,7,2,2,2,1,1,0,1,2,68,1,2
"ESS1e06_7",1,"6.7","23.11.2023",583,"ES",0.3952,0.4016194,2.0200796,0.8113032,3,6,2,2,3,6,1,3,2,2,1,2,3,2,72,1,2
"ESS1e06_7",1,"6.7","23.11.2023",588,"ES",0.3952,0.4016194,2.0200796,0.8113032,3,1,2,3,4,8,2,2,2,2,1,9,4,2,76,1,2
"ESS1e06_7",1,"6.7","23.11.2023",589,"ES",0.9524,0.9678703,2.0200796,1.955175,5,66,2,3,3,4,2,2,3,5,4,1,2,2,81,1,2
"ESS1e06_7",1,"6.7","23.11.2023",592,"ES",0.9524,0.4703904,2.0200796,0.95022607,1,1,2,2,2,5,2,3,3,2,3,3,4,2,45,3,2
"ESS1e06_7",1,"6.7","23.11.2023",595,"ES",0.9524,0.5374861,2.0200796,1.0857646,0,0,2,2,3,0,2,1,2,2,4,3,5,1,17,3,2
"ESS1e06_7",1,"6.7","23.11.2023",597,"ES",0.4762,0.275719,2.0200796,0.5569743,2,5,2,1,2,8,2,3,3,1,4,1,5,1,56,3,1
"ESS1e06_7",1,"6.7","23.11.2023",598,"ES",0.9524,0.8592503,2.0200796,1.735754,4,5,1,3,4,10,2,3,3,1,1,8,4,1,72,1,4
"ESS1e06_7",1,"6.7","23.11.2023",599,"ES",0.9524,0.9678703,2.0200796,1.955175,5,66,2,2,3,10,2,3,3,1,1,3,4,2,80,1,4
"ESS1e06_7",1,"6.7","23.11.2023",601,"ES",1.1637,1.1826025,2.0200796,2.3889513,1,66,2,2,3,10,2,2,2,3,3,3,2,2,62,1,3
"ESS1e06_7",1,"6.7","23.11.2023",603,"ES",1.5517,1.966089,2.0200796,3.9716563,0,1,2,2,2,5,2,1,1,3,3,5,3,2,15,2,2
"ESS1e06_7",1,"6.7","23.11.2023",604,"ES",0.7758,0.7303668,2.0200796,1.4753991,4,0,2,2,2,1,2,4,4,2,3,4,2,2,53,1,3
"ESS1e06_7",1,"6.7","23.11.2023",606,"ES",0.7758,0.78840166,2.0200796,1.5926341,6,66,1,1,2,4,2,3,3,3,3,5,3,2,64,1,3
"ESS1e06_7",1,"6.7","23.11.2023",610,"ES",1.1637,1.6674491,2.0200796,3.36838,3,1,1,2,2,9,2,2,3,2,2,4,3,1,54,1,2
"ESS1e06_7",1,"6.7","23.11.2023",612,"ES",1.9396,1.8260113,2.0200796,3.6886883,7,66,1,2,2,2,2,3,3,3,2,5,3,2,50,1,3
"ESS1e06_7",1,"6.7","23.11.2023",613,"ES",0.3686,0.18057084,2.0200796,0.36476746,3,7,1,2,4,8,2,3,4,2,1,8,1,2,60,3,2
"ESS1e06_7",1,"6.7","23.11.2023",614,"ES",1.1058,1.123762,2.0200796,2.2700887,3,66,2,3,4,2,2,2,3,1,1,4,1,2,65,1,2
"ESS1e06_7",1,"6.7","23.11.2023",615,"ES",0.7372,0.665098,2.0200796,1.3435509,1,4,2,4,4,2,2,4,4,4,1,0,2,1,77,1,1
"ESS1e06_7",1,"6.7","23.11.2023",617,"ES",0.7372,0.3641031,2.0200796,0.73551726,2,1,1,2,4,0,2,2,2,2,4,6,5,2,46,4,2
"ESS1e06_7",1,"6.7","23.11.2023",619,"ES",0.7372,0.7491747,2.0200796,1.5133926,5,66,2,1,2,8,2,2,4,2,5,8,2,2,73,1,2
"ESS1e06_7",1,"6.7","23.11.2023",620,"ES",1.1058,1.584485,2.0200796,3.2007859,2,1,1,2,4,1,2,2,2,3,2,4,3,1,46,2,2
"ESS1e06_7",1,"6.7","23.11.2023",621,"ES",0.7372,0.3641031,2.0200796,0.73551726,2,2,2,3,3,3,2,2,2,4,4,7,4,2,48,4,2
"ESS1e06_7",1,"6.7","23.11.2023",622,"ES",0.7372,0.42683756,2.0200796,0.86224586,4,1,1,2,2,5,2,1,3,1,1,8,4,1,67,3,2
"ESS1e06_7",1,"6.7","23.11.2023",625,"ES",1.1078,0.6251859,2.0200796,1.2629253,2,66,2,2,2,1,2,1,1,3,4,7,4,1,24,3,2
"ESS1e06_7",1,"6.7","23.11.2023",626,"ES",0.7385,0.6575964,2.0200796,1.3283972,3,1,1,3,2,2,2,3,3,2,3,5,4,2,35,5,2
"ESS1e06_7",1,"6.7","23.11.2023",628,"ES",0.3693,0.3752987,2.0200796,0.7581333,2,66,2,2,2,6,2,2,2,2,4,6,4,2,59,1,2
"ESS1e06_7",1,"6.7","23.11.2023",630,"ES",0.3693,0.32884273,2.0200796,0.6642885,1,1,1,3,2,5,2,2,2,2,4,7,4,2,44,5,2
"ESS1e06_7",1,"6.7","23.11.2023",631,"ES",1.1078,0.64141434,2.0200796,1.2957081,2,1,2,2,2,3,7,3,3,2,4,4,3,1,58,4,1
"ESS1e06_7",1,"6.7","23.11.2023",632,"ES",1.1078,0.54714245,2.0200796,1.1052713,2,1,2,3,2,5,2,2,2,2,4,6,4,2,42,3,1
"ESS1e06_7",1,"6.7","23.11.2023",636,"ES",1.1078,0.9864391,2.0200796,1.9926856,1,1,1,3,2,3,2,2,2,2,4,6,4,2,54,5,2
"ESS1e06_7",1,"6.7","23.11.2023",637,"ES",0.7405,0.6593773,2.0200796,1.3319947,2,1,2,2,2,7,2,2,2,4,2,5,4,2,39,5,1
"ESS1e06_7",1,"6.7","23.11.2023",638,"ES",0.7405,0.4179005,2.0200796,0.84419227,3,1,1,2,2,0,2,2,2,3,4,3,4,1,16,3,1
"ESS1e06_7",1,"6.7","23.11.2023",640,"ES",1.481,1.8801309,2.0200796,3.7980142,1,1,2,1,4,0,2,1,1,4,2,6,4,2,23,5,2
"ESS1e06_7",1,"6.7","23.11.2023",643,"ES",1.8512,1.670143,2.0200796,3.3738217,4,2,2,2,3,0,2,3,2,5,4,8,5,1,59,1,2
"ESS1e06_7",1,"6.7","23.11.2023",645,"ES",1.481,0.8403304,2.0200796,1.6975343,1,1,2,1,2,2,2,2,2,2,5,8,5,1,52,4,2
"ESS1e06_7",1,"6.7","23.11.2023",646,"ES",1.481,0.8403304,2.0200796,1.6975343,2,1,2,2,3,3,2,2,2,1,1,5,3,1,46,3,2
"ESS1e06_7",1,"6.7","23.11.2023",647,"ES",0.7405,0.66807526,2.0200796,1.3495653,3,1,2,3,4,2,2,2,2,1,4,8,4,1,65,1,2
"ESS1e06_7",1,"6.7","23.11.2023",648,"ES",1.1107,0.5485748,2.0200796,1.1081648,2,1,2,3,3,5,2,1,4,1,4,5,3,2,42,3,3
"ESS1e06_7",1,"6.7","23.11.2023",650,"ES",1.3179,0.7630619,2.0200796,1.5414457,3,2,1,4,2,3,2,2,2,4,4,8,2,1,57,3,2
"ESS1e06_7",1,"6.7","23.11.2023",653,"ES",0.8786,0.79266834,2.0200796,1.6012532,0,0,2,2,3,7,2,2,2,2,4,4,3,1,77,1,1
"ESS1e06_7",1,"6.7","23.11.2023",654,"ES",1.3179,1.8884001,2.0200796,3.8147185,2,66,2,1,4,8,2,3,2,2,2,5,4,1,36,2,1
"ESS1e06_7",1,"6.7","23.11.2023",656,"ES",0.8786,0.8271466,2.0200796,1.670902,4,66,2,3,1,0,2,3,3,8,2,5,3,2,38,1,1
"ESS1e06_7",1,"6.7","23.11.2023",658,"ES",0.8786,0.80433506,2.0200796,1.6248208,3,1,2,3,3,7,2,2,2,2,2,8,2,1,67,5,1
"ESS1e06_7",1,"6.7","23.11.2023",659,"ES",0.8247,1.1817008,2.0200796,2.3871298,1,0,2,2,2,2,2,4,4,2,2,5,2,1,44,2,3
"ESS1e06_7",1,"6.7","23.11.2023",660,"ES",1.2371,1.1646518,2.0200796,2.3526893,3,1,1,2,2,3,2,1,1,2,3,5,3,2,47,2,2
"ESS1e06_7",1,"6.7","23.11.2023",662,"ES",0.4124,0.2387789,2.0200796,0.4823524,3,2,2,2,3,4,2,3,3,2,3,5,3,1,79,3,2
"ESS1e06_7",1,"6.7","23.11.2023",663,"ES",0.8247,0.4654187,2.0200796,0.9401828,1,1,2,2,2,0,2,2,2,3,4,4,4,1,32,4,2
"ESS1e06_7",1,"6.7","23.11.2023",664,"ES",0.8247,0.40731937,2.0200796,0.82281756,1,2,2,2,2,4,2,3,3,2,3,4,2,2,37,3,2
"ESS1e06_7",1,"6.7","23.11.2023",665,"ES",0.8247,0.83809596,2.0200796,1.6930206,3,66,2,2,3,5,2,1,2,2,3,5,2,2,62,1,2
"ESS1e06_7",1,"6.7","23.11.2023",666,"ES",0.8247,0.58069617,2.0200796,1.1730524,1,0,1,1,3,8,2,2,2,4,4,8,4,2,30,3,1
"ESS1e06_7",1,"6.7","23.11.2023",667,"ES",0.8247,0.46794093,2.0200796,0.9452779,2,1,2,1,3,7,2,3,3,4,4,4,2,1,46,3,2
"ESS1e06_7",1,"6.7","23.11.2023",668,"ES",0.8247,0.73435307,2.0200796,1.4834516,1,66,2,2,2,4,2,1,3,2,4,5,2,2,39,5,3
"ESS1e06_7",1,"6.7","23.11.2023",675,"ES",0.5752,0.40501568,2.0200796,0.81816393,1,1,2,2,1,2,2,2,2,4,3,2,4,2,26,3,2
"ESS1e06_7",1,"6.7","23.11.2023",686,"ES",0.852,1.018588,2.0200796,2.0576286,5,1,2,2,2,0,2,2,2,4,4,10,5,1,41,5,2
"ESS1e06_7",1,"6.7","23.11.2023",687,"ES",0.852,1.5002419,2.0200796,3.030608,2,1,2,8,3,6,2,8,8,3,3,2,2,1,33,5,1
"ESS1e06_7",1,"6.7","23.11.2023",688,"ES",0.852,0.5999189,2.0200796,1.2118839,1,66,2,2,1,10,2,3,2,1,1,4,2,2,34,3,2
"ESS1e06_7",1,"6.7","23.11.2023",694,"ES",0.8354,0.4714572,2.0200796,0.95238113,5,1,2,2,1,6,2,3,2,2,2,2,5,1,30,4,2
"ESS1e06_7",1,"6.7","23.11.2023",695,"ES",1.2531,1.2734547,2.0200796,2.5724797,2,66,2,2,1,10,8,1,1,5,4,2,5,2,67,1,2
"ESS1e06_7",1,"6.7","23.11.2023",699,"ES",0.8039,0.8169581,2.0200796,1.6503204,4,66,2,4,5,7,2,2,3,4,1,88,8,2,74,1,2
"ESS1e06_7",1,"6.7","23.11.2023",701,"ES",1.6078,2.0956671,2.0200796,4.2334146,1,1,2,2,1,0,2,2,2,5,5,8,1,1,15,2,2
"ESS1e06_7",1,"6.7","23.11.2023",703,"ES",1.2059,1.0737921,2.0200796,2.1691456,2,3,2,2,2,3,2,3,3,3,2,4,3,2,36,5,3
"ESS1e06_7",1,"6.7","23.11.2023",705,"ES",0.8039,0.7252744,2.0200796,1.465112,2,1,1,3,3,6,2,4,3,2,1,4,2,1,56,1,2
"ESS1e06_7",1,"6.7","23.11.2023",706,"ES",1.2059,0.68054855,2.0200796,1.3747623,3,1,1,3,2,3,2,1,1,3,4,4,5,1,17,3,1
"ESS1e06_7",1,"6.7","23.11.2023",707,"ES",0.402,0.40852988,2.0200796,0.8252629,2,66,1,4,5,3,8,4,4,2,1,5,3,2,75,1,2
"ESS1e06_7",1,"6.7","23.11.2023",714,"ES",0.4407,0.44785848,2.0200796,0.9047098,66,1,2,4,4,4,2,4,4,1,1,88,1,2,68,1,3
"ESS1e06_7",1,"6.7","23.11.2023",719,"ES",0.8496,0.86340046,2.0200796,1.7441376,1,66,2,3,3,0,2,2,2,5,3,88,4,2,72,1,2
"ESS1e06_7",1,"6.7","23.11.2023",723,"ES",0.8496,0.47783032,2.0200796,0.96525526,2,1,2,2,2,6,2,3,2,2,3,4,3,1,24,3,1
"ESS1e06_7",1,"6.7","23.11.2023",728,"ES",0.4248,0.38325235,2.0200796,0.77420026,4,66,1,2,3,5,2,3,2,2,2,5,2,1,68,2,2
"ESS1e06_7",1,"6.7","23.11.2023",729,"ES",1.5346,1.4447292,2.0200796,2.918468,4,2,1,3,3,5,2,7,7,2,1,3,4,2,49,2,1
"ESS1e06_7",1,"6.7","23.11.2023",734,"ES",1.151,0.81045383,2.0200796,1.6371813,2,1,2,2,2,2,2,2,2,2,3,88,4,2,24,4,2
"ESS1e06_7",1,"6.7","23.11.2023",736,"ES",0.3837,0.34617212,2.0200796,0.6992952,4,66,2,2,4,0,2,3,3,3,8,88,3,1,78,1,2
"ESS1e06_7",1,"6.7","23.11.2023",739,"ES",0.7351,0.66320336,2.0200796,1.3397236,2,3,2,4,1,0,1,4,4,2,1,8,2,1,71,1,2
"ESS1e06_7",1,"6.7","23.11.2023",741,"ES",0.7351,0.67296463,2.0200796,1.3594421,4,2,2,2,4,4,2,2,2,2,1,6,5,1,73,5,1
"ESS1e06_7",1,"6.7","23.11.2023",742,"ES",1.4701,1.8662933,2.0200796,3.770061,2,1,2,2,2,4,2,3,3,3,4,4,4,2,26,5,3
"ESS1e06_7",1,"6.7","23.11.2023",749,"ES",1.7335,0.84921205,2.0200796,1.7154759,1,0,2,2,1,8,2,3,3,2,3,2,4,2,56,4,2
"ESS1e06_7",1,"6.7","23.11.2023",750,"ES",0.8668,0.7820224,2.0200796,1.5797476,0,66,2,4,7,8,2,3,3,3,2,5,3,1,71,1,2
"ESS1e06_7",1,"6.7","23.11.2023",755,"ES",1.3001,1.6945994,2.0200796,3.4232256,1,1,2,2,3,7,2,2,8,2,1,7,8,1,15,2,1
"ESS1e06_7",1,"6.7","23.11.2023",758,"ES",1.3001,0.7527557,2.0200796,1.5206264,2,2,2,2,2,7,2,3,3,2,3,4,4,1,69,3,2
"ESS1e06_7",1,"6.7","23.11.2023",759,"ES",0.8435,1.070824,2.0200796,2.1631498,66,1,1,3,2,5,2,3,2,2,3,7,4,2,34,5,1
"ESS1e06_7",1,"6.7","23.11.2023",760,"ES",0.8435,0.85720134,2.0200796,1.731615,2,1,2,4,4,7,2,4,3,2,4,9,2,2,69,1,2
"ESS1e06_7",1,"6.7","23.11.2023",761,"ES",2.1087,1.4847993,2.0200796,2.9994128,1,1,1,2,1,7,2,3,3,2,2,7,2,2,22,4,2
"ESS1e06_7",1,"6.7","23.11.2023",764,"ES",1.6869,0.9571596,2.0200796,1.9335386,3,2,1,2,3,3,2,2,2,2,3,3,3,1,45,3,1
"ESS1e06_7",1,"6.7","23.11.2023",765,"ES",0.8435,0.47602844,2.0200796,0.9616153,1,1,1,2,2,0,2,2,3,5,1,0,5,1,28,3,3
"ESS1e06_7",1,"6.7","23.11.2023",766,"ES",1.2652,0.7178839,2.0200796,1.4501826,4,3,2,3,3,5,2,2,2,3,2,5,4,1,45,3,1
"ESS1e06_7",1,"6.7","23.11.2023",768,"ES",0.8435,0.47860816,2.0200796,0.9668266,2,1,2,2,3,2,2,2,2,2,2,5,4,1,42,3,2
"ESS1e06_7",1,"6.7","23.11.2023",770,"ES",1.6003,1.6262944,2.0200796,3.2852442,2,66,2,4,4,7,2,2,4,1,1,2,8,2,81,1,1
"ESS1e06_7",1,"6.7","23.11.2023",772,"ES",0.8001,0.75324374,2.0200796,1.5216123,2,1,1,2,3,8,2,2,2,2,5,0,5,2,47,1,2
"ESS1e06_7",1,"6.7","23.11.2023",774,"ES",0.8001,1.0428805,2.0200796,2.1067016,4,66,2,1,1,1,2,2,2,2,2,88,2,1,18,2,1
"ESS1e06_7",1,"6.7","23.11.2023",775,"ES",0.4001,0.57329756,2.0200796,1.1581067,3,0,2,2,5,2,2,3,2,5,4,2,5,1,53,1,3
"ESS1e06_7",1,"6.7","23.11.2023",778,"ES",1.2002,1.1299127,2.0200796,2.2825136,6,1,1,4,1,1,2,3,3,1,5,3,8,2,49,1,2
"ESS1e06_7",1,"6.7","23.11.2023",780,"ES",1.5545,2.2274208,2.0200796,4.4995675,6,2,1,3,4,7,2,3,3,1,1,10,4,1,52,1,3
"ESS1e06_7",1,"6.7","23.11.2023",781,"ES",0.7772,0.73168486,2.0200796,1.4780617,3,66,2,2,3,3,2,3,3,1,1,1,1,2,49,1,2
"ESS1e06_7",1,"6.7","23.11.2023",782,"ES",0.7772,0.44098905,2.0200796,0.89083296,0,4,2,2,2,0,1,4,2,1,3,6,3,1,37,3,2
"ESS1e06_7",1,"6.7","23.11.2023",783,"ES",0.7772,0.4386121,2.0200796,0.8860314,2,1,2,2,3,0,2,2,2,2,3,88,3,1,32,4,1
"ESS1e06_7",1,"6.7","23.11.2023",784,"ES",0.7772,0.38385913,2.0200796,0.775426,3,66,2,2,2,0,2,2,2,3,3,2,4,2,36,3,2
"ESS1e06_7",1,"6.7","23.11.2023",785,"ES",0.7772,0.73168486,2.0200796,1.4780617,2,1,1,3,3,6,2,3,3,2,1,0,2,2,54,1,2
"ESS1e06_7",1,"6.7","23.11.2023",787,"ES",0.7772,0.54725,2.0200796,1.1054885,2,66,2,2,3,6,2,3,3,4,1,4,3,2,29,4,2
"ESS1e06_7",1,"6.7","23.11.2023",789,"ES",0.8436,0.79419625,2.0200796,1.6043396,2,4,2,2,3,0,2,2,2,3,1,1,4,2,40,1,2
"ESS1e06_7",1,"6.7","23.11.2023",791,"ES",0.8436,0.85730296,2.0200796,1.7318202,3,2,2,3,3,2,2,2,3,8,2,10,2,2,65,1,2
"ESS1e06_7",1,"6.7","23.11.2023",792,"ES",0.8436,0.76109153,2.0200796,1.5374655,1,1,2,2,3,6,2,3,3,2,2,10,4,1,56,1,2
"ESS1e06_7",1,"6.7","23.11.2023",793,"ES",0.8436,0.85730296,2.0200796,1.7318202,1,66,2,4,5,1,2,3,3,2,1,2,2,2,70,1,2
"ESS1e06_7",1,"6.7","23.11.2023",794,"ES",0.8436,0.76109153,2.0200796,1.5374655,1,1,2,1,1,7,2,1,2,1,1,10,1,1,60,1,2
"ESS1e06_7",1,"6.7","23.11.2023",795,"ES",1.6871,2.1990297,2.0200796,4.442215,1,1,1,2,2,0,1,1,1,2,4,2,2,1,17,2,1
"ESS1e06_7",1,"6.7","23.11.2023",798,"ES",0.4218,0.54979,2.0200796,1.1106197,4,1,2,2,2,3,2,3,3,1,1,8,1,1,31,2,2
"ESS1e06_7",1,"6.7","23.11.2023",799,"ES",0.7766,0.44064862,2.0200796,0.8901453,5,66,8,2,2,0,2,4,4,1,3,5,2,1,35,3,1
"ESS1e06_7",1,"6.7","23.11.2023",800,"ES",0.7766,1.112779,2.0200796,2.2479022,7,1,1,2,2,3,2,3,3,3,3,5,3,1,36,2,3
"ESS1e06_7",1,"6.7","23.11.2023",801,"ES",0.7766,0.98399484,2.0200796,1.9877479,1,0,2,2,2,3,2,3,3,3,4,4,2,2,27,1,3
"ESS1e06_7",1,"6.7","23.11.2023",803,"ES",0.7766,0.92844534,2.0200796,1.8755335,3,2,2,2,1,0,2,2,2,1,3,2,4,1,36,5,2
"ESS1e06_7",1,"6.7","23.11.2023",804,"ES",1.1649,1.09668,2.0200796,2.215381,2,66,2,2,3,5,2,2,2,2,2,8,3,2,51,1,2
"ESS1e06_7",1,"6.7","23.11.2023",805,"ES",1.1649,1.0372838,2.0200796,2.0953958,0,66,2,2,2,5,2,1,1,2,4,4,4,2,35,5,1
"ESS1e06_7",1,"6.7","23.11.2023",806,"ES",0.7766,0.73112,2.0200796,1.4769206,6,1,8,2,2,2,2,3,2,3,4,5,3,2,43,2,2
"ESS1e06_7",1,"6.7","23.11.2023",809,"ES",0.9896,1.1830924,2.0200796,2.3899407,1,1,2,3,2,0,2,2,2,2,2,6,4,1,44,5,1
"ESS1e06_7",1,"6.7","23.11.2023",812,"ES",1.3195,0.6464005,2.0200796,1.3057805,1,1,1,3,1,0,2,2,2,4,1,4,2,2,64,3,1
"ESS1e06_7",1,"6.7","23.11.2023",813,"ES",0.6597,1.161631,2.0200796,2.3465872,1,3,2,2,2,0,2,2,2,2,4,1,4,1,34,5,1
"ESS1e06_7",1,"6.7","23.11.2023",814,"ES",0.6597,0.60938954,2.0200796,1.2310154,2,1,2,4,3,5,2,3,3,4,2,5,3,2,59,5,2
"ESS1e06_7",1,"6.7","23.11.2023",817,"ES",1.3195,1.5774963,2.0200796,3.1866682,2,1,1,2,2,7,2,2,2,2,2,7,4,1,39,5,3
"ESS1e06_7",1,"6.7","23.11.2023",820,"ES",0.4114,0.41808257,2.0200796,0.8445601,0,66,1,1,4,7,2,8,3,8,8,5,2,2,75,1,4
"ESS1e06_7",1,"6.7","23.11.2023",821,"ES",1.2341,0.69646317,2.0200796,1.406911,2,1,1,2,2,5,2,3,3,1,4,5,3,1,32,4,2
"ESS1e06_7",1,"6.7","23.11.2023",823,"ES",1.2341,0.69646317,2.0200796,1.406911,2,3,1,1,1,5,2,8,8,4,4,1,4,1,19,3,2
"ESS1e06_7",1,"6.7","23.11.2023",830,"ES",0.3862,0.34842762,2.0200796,0.7038515,1,66,2,3,3,0,2,4,4,2,2,88,2,1,86,1,3
"ESS1e06_7",1,"6.7","23.11.2023",831,"ES",1.1586,1.3851362,2.0200796,2.7980855,4,3,2,3,2,5,2,1,1,2,4,5,3,1,51,5,1
"ESS1e06_7",1,"6.7","23.11.2023",832,"ES",1.931,1.089758,2.0200796,2.201398,4,3,1,2,2,0,2,1,1,2,4,5,3,1,28,4,8
"ESS1e06_7",1,"6.7","23.11.2023",834,"ES",1.5448,1.4543319,2.0200796,2.9378662,1,66,2,2,2,5,2,3,3,1,4,88,4,2,47,2,2
"ESS1e06_7",1,"6.7","23.11.2023",835,"ES",0.7724,0.78494644,2.0200796,1.5856543,2,2,2,3,3,6,2,2,3,8,3,88,4,2,67,1,2
"ESS1e06_7",1,"6.7","23.11.2023",836,"ES",1.1586,0.8158052,2.0200796,1.6479914,2,66,2,2,2,0,2,3,3,1,3,1,4,2,21,3,1
"ESS1e06_7",1,"6.7","23.11.2023",837,"ES",0.7724,0.78494644,2.0200796,1.5856543,3,66,2,3,3,7,2,1,1,2,1,88,2,2,73,1,3
"ESS1e06_7",1,"6.7","23.11.2023",844,"ES",0.8082,0.96622396,2.0200796,1.9518493,2,1,2,2,2,0,2,1,1,3,3,5,4,1,49,5,2
"ESS1e06_7",1,"6.7","23.11.2023",845,"ES",0.4041,0.5267192,2.0200796,1.0640148,2,1,2,2,3,5,2,1,3,4,3,5,2,1,30,2,1
"ESS1e06_7",1,"6.7","23.11.2023",846,"ES",0.8082,0.7291538,2.0200796,1.4729488,6,66,2,2,3,5,2,3,3,3,3,5,2,1,80,1,3
"ESS1e06_7",1,"6.7","23.11.2023",847,"ES",0.4041,0.36994287,2.0200796,0.74731404,2,66,2,3,2,2,2,2,3,2,3,5,3,1,70,5,1
"ESS1e06_7",1,"6.7","23.11.2023",849,"ES",0.7119,0.41218892,2.0200796,0.8326544,1,1,1,2,1,0,2,1,1,5,3,7,4,1,65,4,1
"ESS1e06_7",1,"6.7","23.11.2023",850,"ES",1.0678,1.2765825,2.0200796,2.5787983,3,1,2,1,2,5,2,1,1,4,1,4,4,1,50,5,1
"ESS1e06_7",1,"6.7","23.11.2023",852,"ES",1.4238,1.340418,2.0200796,2.707751,0,66,2,1,3,0,2,3,3,3,1,10,4,2,54,1,3
"ESS1e06_7",1,"6.7","23.11.2023",856,"ES",1.0678,0.60587764,2.0200796,1.2239211,1,2,2,1,2,6,2,2,2,4,2,5,2,1,37,3,1
"ESS1e06_7",1,"6.7","23.11.2023",857,"ES",0.7119,1.2535472,2.0200796,2.5322652,2,2,2,1,1,0,2,2,2,3,2,6,4,1,31,5,1
"ESS1e06_7",1,"6.7","23.11.2023",859,"ES",0.7551,1.081972,2.0200796,2.1856697,3,1,2,1,2,4,2,1,1,2,4,8,4,1,41,2,3
"ESS1e06_7",1,"6.7","23.11.2023",861,"ES",0.7551,0.76736546,2.0200796,1.5501393,2,66,2,3,4,5,2,8,8,8,8,88,8,2,81,1,2
"ESS1e06_7",1,"6.7","23.11.2023",863,"ES",0.7551,0.76736546,2.0200796,1.5501393,3,0,1,2,1,10,2,3,3,2,4,2,3,2,67,1,2
"ESS1e06_7",1,"6.7","23.11.2023",865,"ES",0.7551,1.081972,2.0200796,2.1856697,3,66,2,2,2,3,2,2,2,3,4,2,4,1,38,2,2
"ESS1e06_7",1,"6.7","23.11.2023",866,"ES",1.1327,0.6392382,2.0200796,1.291312,1,0,2,2,1,0,2,1,1,4,4,3,4,1,22,3,2
"ESS1e06_7",1,"6.7","23.11.2023",868,"ES",1.5102,1.9684516,2.0200796,3.976429,0,0,2,2,1,1,2,3,3,4,2,2,4,1,19,2,2
"ESS1e06_7",1,"6.7","23.11.2023",869,"ES",1.538,1.0829523,2.0200796,2.1876497,1,0,2,2,2,3,2,4,3,3,3,5,2,2,34,3,2
"ESS1e06_7",1,"6.7","23.11.2023",871,"ES",0.769,0.72396505,2.0200796,1.4624671,0,66,2,2,3,5,2,4,4,2,3,3,3,2,53,2,2
"ESS1e06_7",1,"6.7","23.11.2023",872,"ES",0.769,0.6937878,2.0200796,1.4015067,2,66,2,1,3,6,2,2,2,3,2,5,3,1,78,1,2
"ESS1e06_7",1,"6.7","23.11.2023",873,"ES",1.1535,1.1722368,2.0200796,2.3680117,2,66,2,1,3,6,2,2,2,4,3,3,4,2,65,1,1
"ESS1e06_7",1,"6.7","23.11.2023",875,"ES",0.3845,0.55094457,2.0200796,1.1129519,0,0,2,4,3,4,2,3,3,4,2,7,3,1,44,1,1
"ESS1e06_7",1,"6.7","23.11.2023",877,"ES",0.769,0.4363363,2.0200796,0.8814341,1,1,2,2,2,5,2,2,2,2,4,4,2,1,40,3,2
"ESS1e06_7",1,"6.7","23.11.2023",879,"ES",0.7742,0.5451376,2.0200796,1.1012213,0,66,1,3,1,0,2,1,2,2,3,88,5,2,28,3,1
"ESS1e06_7",1,"6.7","23.11.2023",880,"ES",1.1613,1.1801635,2.0200796,2.3840241,0,66,2,2,3,5,2,1,2,2,3,5,1,2,70,1,3
"ESS1e06_7",1,"6.7","23.11.2023",881,"ES",1.5484,1.4577211,2.0200796,2.9447126,2,66,2,2,3,2,2,4,2,1,1,2,1,2,53,2,2
"ESS1e06_7",1,"6.7","23.11.2023",882,"ES",0.7742,0.43928683,2.0200796,0.88739437,3,66,1,2,2,5,2,1,2,2,2,5,4,1,35,3,2
"ESS1e06_7",1,"6.7","23.11.2023",886,"ES",0.7742,0.7867757,2.0200796,1.5893496,2,2,2,3,3,6,2,3,3,2,4,6,4,2,67,1,2
"ESS1e06_7",1,"6.7","23.11.2023",887,"ES",1.5484,1.8511522,2.0200796,3.7394748,0,1,2,1,1,5,2,2,2,4,4,7,4,1,54,5,1
"ESS1e06_7",1,"6.7","23.11.2023",889,"ES",0.8393,0.85293317,2.0200796,1.7229929,1,66,2,2,4,8,1,3,3,1,3,88,8,2,69,1,2
"ESS1e06_7",1,"6.7","23.11.2023",892,"ES",0.8393,0.85293317,2.0200796,1.7229929,3,66,1,2,3,7,2,4,4,1,1,88,2,2,56,2,2
"ESS1e06_7",1,"6.7","23.11.2023",893,"ES",2.0982,2.734873,2.0200796,5.5246615,0,66,2,2,2,0,2,2,2,2,4,88,4,1,19,2,8
"ESS1e06_7",1,"6.7","23.11.2023",894,"ES",0.8393,0.85293317,2.0200796,1.7229929,3,66,2,2,3,6,8,4,4,1,2,88,1,2,59,2,2
"ESS1e06_7",1,"6.7","23.11.2023",896,"ES",0.8393,0.5909765,2.0200796,1.1938195,2,2,1,2,2,2,2,2,2,1,2,88,4,2,27,3,2
"ESS1e06_7",1,"6.7","23.11.2023",898,"ES",0.8393,1.202621,2.0200796,2.4293902,2,2,2,2,3,0,2,2,2,1,3,88,3,1,44,2,2
"ESS1e06_7",1,"6.7","23.11.2023",907,"ES",1.5121,2.1666665,2.0200796,4.3768387,5,1,2,2,2,2,2,2,2,2,2,4,3,1,50,2,2
"ESS1e06_7",1,"6.7","23.11.2023",908,"ES",1.5121,1.4235469,2.0200796,2.875678,1,1,2,2,2,2,2,3,3,1,4,4,2,2,49,2,3
"ESS1e06_7",1,"6.7","23.11.2023",910,"ES",0.9874,0.57170296,2.0200796,1.1548855,7,3,2,1,2,5,2,3,3,4,4,7,4,1,63,3,1
"ESS1e06_7",1,"6.7","23.11.2023",911,"ES",1.4811,1.3943623,2.0200796,2.8167229,1,66,2,4,3,2,2,4,4,1,1,7,1,2,42,1,2
"ESS1e06_7",1,"6.7","23.11.2023",916,"ES",0.9874,0.69525814,2.0200796,1.4044768,3,77,1,3,2,8,2,2,1,4,3,2,4,2,34,3,2
"ESS1e06_7",1,"6.7","23.11.2023",921,"ES",1.1753,1.6840706,2.0200796,3.4019566,1,66,2,1,3,0,2,4,4,2,2,2,2,1,52,1,3
"ESS1e06_7",1,"6.7","23.11.2023",923,"ES",1.1753,0.6632795,2.0200796,1.3398774,1,66,2,2,2,3,2,3,3,2,2,3,2,1,27,3,3
"ESS1e06_7",1,"6.7","23.11.2023",924,"ES",0.3918,0.39816418,2.0200796,0.8043234,4,66,2,2,3,8,2,1,1,2,4,5,4,2,67,2,2
"ESS1e06_7",1,"6.7","23.11.2023",925,"ES",0.7835,0.3869707,2.0200796,0.78171164,3,1,2,3,2,3,2,2,2,2,3,4,2,2,37,3,2
"ESS1e06_7",1,"6.7","23.11.2023",926,"ES",1.567,1.4752318,2.0200796,2.9800856,4,1,2,2,2,2,2,3,3,2,3,4,2,2,53,2,3
"ESS1e06_7",1,"6.7","23.11.2023",927,"ES",0.3918,0.22111197,2.0200796,0.44666377,2,2,2,2,2,0,2,1,1,2,3,3,3,1,23,3,2
"ESS1e06_7",1,"6.7","23.11.2023",928,"ES",1.1753,0.8275642,2.0200796,1.6717455,4,1,2,2,2,2,2,2,2,2,2,4,3,2,19,3,2
"ESS1e06_7",1,"6.7","23.11.2023",929,"ES",0.4278,0.38595894,2.0200796,0.7796678,3,66,2,2,4,5,2,3,3,2,2,88,3,1,90,1,2
"ESS1e06_7",1,"6.7","23.11.2023",930,"ES",1.2835,1.3043485,2.0200796,2.6348877,3,66,1,2,3,7,2,2,2,3,3,5,3,2,74,1,2
"ESS1e06_7",1,"6.7","23.11.2023",931,"ES",0.8556,1.225977,2.0200796,2.476571,1,66,2,2,2,0,2,3,3,2,4,0,2,1,39,2,2
"ESS1e06_7",1,"6.7","23.11.2023",934,"ES",1.7113,0.9657706,2.0200796,1.9509335,1,66,2,2,2,0,2,3,3,4,4,0,2,1,28,3,1
"ESS1e06_7",1,"6.7","23.11.2023",938,"ES",2.1391,2.013828,2.0200796,4.068093,0,0,1,2,2,3,2,3,4,2,3,5,2,2,48,2,2
"ESS1e06_7",1,"6.7","23.11.2023",939,"ES",0.8185,1.0668638,2.0200796,2.1551497,2,0,1,3,1,2,2,1,1,3,3,4,5,1,30,2,2
"ESS1e06_7",1,"6.7","23.11.2023",940,"ES",0.8185,0.7384464,2.0200796,1.4917206,3,1,2,3,3,7,2,3,3,3,2,6,8,1,64,2,2
"ESS1e06_7",1,"6.7","23.11.2023",941,"ES",2.0462,1.846071,2.0200796,3.7292104,2,0,2,2,2,7,2,1,1,4,2,3,4,1,57,1,2
"ESS1e06_7",1,"6.7","23.11.2023",942,"ES",0.4092,0.23093164,2.0200796,0.4665003,1,1,2,2,1,4,2,2,2,3,3,3,3,1,28,3,2
"ESS1e06_7",1,"6.7","23.11.2023",943,"ES",0.8185,0.464423,2.0200796,0.93817145,3,66,2,1,2,7,2,3,3,4,1,88,1,1,42,4,1
"ESS1e06_7",1,"6.7","23.11.2023",945,"ES",0.8185,0.464423,2.0200796,0.93817145,3,66,2,2,2,3,2,2,2,2,3,88,3,1,35,4,1
"ESS1e06_7",1,"6.7","23.11.2023",946,"ES",0.8185,1.0370845,2.0200796,2.094993,0,66,2,2,2,4,2,2,2,8,2,5,8,2,32,2,2
"ESS1e06_7",1,"6.7","23.11.2023",948,"ES",1.637,1.4768928,2.0200796,2.983441,1,0,2,1,5,7,2,8,8,1,1,8,2,1,66,1,2
"ESS1e06_7",1,"6.7","23.11.2023",952,"ES",1.4386,1.5339557,2.0200796,3.0987127,3,1,2,2,2,3,2,3,3,3,2,7,2,2,49,5,1
"ESS1e06_7",1,"6.7","23.11.2023",957,"ES",0.3596,0.39777002,2.0200796,0.8035271,2,4,1,2,2,8,2,3,3,2,2,3,2,2,70,5,1
"ESS1e06_7",1,"6.7","23.11.2023",958,"ES",0.7193,0.76697785,2.0200796,1.5493563,2,2,2,2,2,6,2,3,3,2,2,3,2,2,35,5,1
"ESS1e06_7",1,"6.7","23.11.2023",959,"ES",0.7193,0.7770952,2.0200796,1.5697942,2,3,2,8,2,6,2,3,3,2,1,7,2,1,66,1,2
"ESS1e06_7",1,"6.7","23.11.2023",962,"ES",0.7147,0.77212554,2.0200796,1.5597551,3,2,2,3,3,8,2,1,3,2,2,88,1,1,74,1,2
"ESS1e06_7",1,"6.7","23.11.2023",963,"ES",1.4294,1.6114205,2.0200796,3.2551978,2,2,2,1,2,5,2,2,3,3,2,4,2,2,47,1,1
"ESS1e06_7",1,"6.7","23.11.2023",965,"ES",0.7147,0.4226946,2.0200796,0.8538767,2,2,2,1,2,0,7,1,1,4,4,2,5,2,45,3,3
"ESS1e06_7",1,"6.7","23.11.2023",967,"ES",0.3574,0.43492678,2.0200796,0.8785867,1,66,2,3,2,6,2,3,4,2,3,88,1,2,72,1,3
"ESS1e06_7",1,"6.7","23.11.2023",968,"ES",1.0721,1.2086217,2.0200796,2.441512,2,66,1,2,3,8,2,2,3,3,4,9,8,2,48,2,2
"ESS1e06_7",1,"6.7","23.11.2023",969,"ES",1.0721,0.7245143,2.0200796,1.4635766,0,66,2,2,2,6,2,2,8,5,4,2,5,1,19,3,2
"ESS1e06_7",1,"6.7","23.11.2023",971,"ES",0.3574,0.43492678,2.0200796,0.8785867,1,66,2,2,3,5,2,4,4,3,1,88,3,2,75,1,3
"ESS1e06_7",1,"6.7","23.11.2023",972,"ES",0.7147,0.77212554,2.0200796,1.5597551,2,1,2,3,3,6,1,3,3,3,5,88,2,1,66,1,2
"ESS1e06_7",1,"6.7","23.11.2023",974,"ES",0.638,0.43349046,2.0200796,0.8756852,1,2,2,1,3,8,2,3,3,2,3,5,2,1,41,4,1
"ESS1e06_7",1,"6.7","23.11.2023",975,"ES",0.957,1.0788648,2.0200796,2.1793928,2,66,2,2,2,7,2,3,3,2,2,6,3,2,45,1,1
"ESS1e06_7",1,"6.7","23.11.2023",976,"ES",0.957,0.66351855,2.0200796,1.3403603,1,4,2,2,4,8,2,3,3,2,3,5,2,1,82,3,2
"ESS1e06_7",1,"6.7","23.11.2023",977,"ES",0.638,0.37733194,2.0200796,0.7622406,3,1,2,2,2,6,2,8,8,2,2,5,3,2,37,4,1
"ESS1e06_7",1,"6.7","23.11.2023",978,"ES",0.957,0.6467309,2.0200796,1.3064479,1,1,2,2,3,8,2,3,3,2,2,5,3,1,18,3,1
"ESS1e06_7",1,"6.7","23.11.2023",979,"ES",0.638,0.9680102,2.0200796,1.9554577,2,2,2,1,1,8,2,3,3,2,2,5,2,2,32,2,3
"ESS1e06_7",1,"6.7","23.11.2023",981,"ES",0.957,1.0788648,2.0200796,2.1793928,2,66,2,2,2,7,2,3,3,3,3,5,2,2,42,1,1
"ESS1e06_7",1,"6.7","23.11.2023",983,"ES",1.276,1.330483,2.0200796,2.6876814,0,1,2,2,2,4,2,3,3,2,2,5,2,1,999,1,8
"ESS1e06_7",1,"6.7","23.11.2023",985,"ES",0.3512,0.4273819,2.0200796,0.86334544,3,66,2,2,2,8,2,3,3,2,3,88,2,2,80,1,2
"ESS1e06_7",1,"6.7","23.11.2023",986,"ES",0.7025,0.74906427,2.0200796,1.5131694,1,66,2,2,2,5,7,3,4,2,1,8,1,2,35,5,2
"ESS1e06_7",1,"6.7","23.11.2023",987,"ES",0.7025,0.41547915,2.0200796,0.839301,2,66,2,1,3,5,2,3,3,1,4,8,2,2,49,4,2
"ESS1e06_7",1,"6.7","23.11.2023",988,"ES",1.0537,1.8079748,2.0200796,3.6522532,3,2,1,1,2,5,2,8,8,2,1,9,3,1,35,2,2
"ESS1e06_7",1,"6.7","23.11.2023",989,"ES",0.3512,0.37447882,2.0200796,0.756477,2,77,2,2,2,6,2,3,3,3,3,88,2,2,50,5,1
"ESS1e06_7",1,"6.7","23.11.2023",991,"ES",0.3512,0.2373374,2.0200796,0.47944042,1,1,2,2,2,6,2,3,3,3,2,88,3,1,26,4,2
"ESS1e06_7",1,"6.7","23.11.2023",993,"ES",0.7025,0.41547915,2.0200796,0.839301,1,0,2,2,2,3,2,3,3,2,2,4,2,2,38,4,2
"ESS1e06_7",1,"6.7","23.11.2023",994,"ES",0.3512,0.37941864,2.0200796,0.7664559,1,1,2,2,2,9,2,3,3,4,2,2,2,1,67,1,2
"ESS1e06_7",1,"6.7","23.11.2023",995,"ES",0.7025,1.067931,2.0200796,2.1573057,3,1,1,2,2,6,2,8,8,2,2,88,2,2,34,5,1
"ESS1e06_7",1,"6.7","23.11.2023",996,"ES",0.7025,0.7589453,2.0200796,1.5331299,2,1,2,2,3,8,2,3,3,2,2,2,2,1,68,1,2
"ESS1e06_7",1,"6.7","23.11.2023",998,"ES",0.9201,1.5787393,2.0200796,3.189179,1,1,2,2,2,7,2,3,3,3,3,5,2,1,54,2,1
"ESS1e06_7",1,"6.7","23.11.2023",1001,"ES",0.4601,0.49706867,2.0200796,1.0041183,0,1,2,2,2,8,2,3,3,2,2,5,3,1,66,1,2
"ESS1e06_7",1,"6.7","23.11.2023",1002,"ES",2.3003,2.7992783,2.0200796,5.654765,3,66,2,2,3,5,2,8,8,1,1,1,3,2,63,1,2
"ESS1e06_7",1,"6.7","23.11.2023",1005,"ES",1.3802,1.4910979,2.0200796,3.0121365,3,66,2,1,3,6,2,3,3,3,2,88,2,1,70,1,2
"ESS1e06_7",1,"6.7","23.11.2023",1015,"ES",1.6822,1.8173634,2.0200796,3.6712186,2,66,2,1,2,8,2,3,3,3,2,5,2,1,70,1,1
"ESS1e06_7",1,"6.7","23.11.2023",1018,"ES",1.2928,1.2515379,2.0200796,2.5282063,2,0,2,1,1,5,2,1,1,8,8,88,8,1,64,1,3
"ESS1e06_7",1,"6.7","23.11.2023",1020,"ES",0.4309,0.46987966,2.0200796,0.9491943,2,66,2,1,2,10,2,3,3,2,4,3,2,2,72,2,3
"ESS1e06_7",1,"6.7","23.11.2023",1021,"ES",0.4309,0.41714704,2.0200796,0.8426702,2,66,2,1,2,0,2,4,4,2,2,88,2,1,62,1,2
"ESS1e06_7",1,"6.7","23.11.2023",1023,"ES",0.8619,0.83439094,2.0200796,1.6855361,2,66,2,1,1,5,7,1,1,2,3,5,3,1,66,1,2
"ESS1e06_7",1,"6.7","23.11.2023",1024,"ES",1.7238,2.650396,2.0200796,5.354011,4,1,2,1,3,8,2,3,2,4,4,3,2,1,43,2,1
"ESS1e06_7",1,"6.7","23.11.2023",1025,"ES",0.8619,1.325198,2.0200796,2.6770055,0,1,2,1,2,0,2,1,2,2,2,2,4,1,39,2,2
"ESS1e06_7",1,"6.7","23.11.2023",1027,"ES",1.3183,1.295008,2.0200796,2.6160192,1,1,2,1,2,8,2,3,3,4,4,8,4,1,60,5,2
"ESS1e06_7",1,"6.7","23.11.2023",1028,"ES",0.6592,0.84564584,2.0200796,1.708272,1,1,2,2,3,4,2,2,2,2,3,7,4,1,40,5,2
"ESS1e06_7",1,"6.7","23.11.2023",1030,"ES",0.6592,0.629852,2.0200796,1.2723511,1,66,2,2,2,0,2,1,1,2,5,5,5,2,51,5,1
"ESS1e06_7",1,"6.7","23.11.2023",1032,"ES",0.6592,0.629852,2.0200796,1.2723511,2,1,1,3,3,3,2,3,2,2,4,2,4,2,38,5,2
"ESS1e06_7",1,"6.7","23.11.2023",1033,"ES",0.6592,0.84564584,2.0200796,1.708272,2,1,2,2,2,3,2,1,1,4,4,3,4,1,43,5,1
"ESS1e06_7",1,"6.7","23.11.2023",1035,"ES",0.9887,0.9799985,2.0200796,1.979675,4,2,1,2,3,5,2,1,1,2,4,0,4,2,60,5,1
"ESS1e06_7",1,"6.7","23.11.2023",1039,"ES",0.4161,0.36200276,2.0200796,0.73127437,0,66,2,2,2,2,2,4,4,2,2,2,2,1,79,1,3
"ESS1e06_7",1,"6.7","23.11.2023",1041,"ES",1.6644,1.448011,2.0200796,2.9250975,2,0,2,2,2,3,2,2,2,2,3,4,4,1,75,1,2
"ESS1e06_7",1,"6.7","23.11.2023",1042,"ES",1.6644,1.1301199,2.0200796,2.2829323,0,66,2,3,1,3,2,3,3,5,4,6,5,2,24,3,1
"ESS1e06_7",1,"6.7","23.11.2023",1044,"ES",2.0806,1.4127178,2.0200796,2.8538024,1,66,2,1,1,5,2,2,4,2,1,88,1,2,16,3,1
"ESS1e06_7",1,"6.7","23.11.2023",1046,"ES",1.2483,1.5252051,2.0200796,3.0810359,1,66,2,2,1,5,2,2,2,4,2,6,2,2,15,2,1
"ESS1e06_7",1,"6.7","23.11.2023",1049,"ES",1.1641,1.6084801,2.0200796,3.2492578,1,66,2,1,2,7,2,3,3,8,4,88,3,1,49,1,3
"ESS1e06_7",1,"6.7","23.11.2023",1051,"ES",2.7163,3.3188453,2.0200796,6.704332,1,66,2,2,1,5,2,2,3,8,3,88,3,2,17,2,2
"ESS1e06_7",1,"6.7","23.11.2023",1053,"ES",0.388,0.33755603,2.0200796,0.6818901,0,66,2,1,4,4,2,3,4,8,2,0,8,1,66,1,3
"ESS1e06_7",1,"6.7","23.11.2023",1056,"ES",1.1641,1.4631689,2.0200796,2.9557176,1,66,1,2,3,1,2,2,2,1,4,3,3,1,32,1,2
"ESS1e06_7",1,"6.7","23.11.2023",1058,"ES",0.7761,0.89472693,2.0200796,1.8074197,2,66,2,2,2,6,2,1,1,4,4,5,8,1,42,5,2
"ESS1e06_7",1,"6.7","23.11.2023",1060,"ES",0.415,0.22584464,2.0200796,0.45622414,2,1,2,2,1,2,2,2,2,2,3,8,2,1,19,3,2
"ESS1e06_7",1,"6.7","23.11.2023",1062,"ES",0.415,0.40668646,2.0200796,0.82153904,1,66,2,3,5,8,2,1,1,2,3,6,2,2,77,1,2
"ESS1e06_7",1,"6.7","23.11.2023",1063,"ES",0.415,0.36635974,2.0200796,0.7400758,1,1,1,2,2,4,2,2,2,2,2,7,3,1,61,5,2
"ESS1e06_7",1,"6.7","23.11.2023",1064,"ES",0.415,0.3696668,2.0200796,0.7467564,2,1,2,3,2,3,2,8,8,4,3,7,2,2,70,5,2
"ESS1e06_7",1,"6.7","23.11.2023",1066,"ES",0.8299,0.9567502,2.0200796,1.9327116,0,1,2,2,1,2,2,2,3,2,3,8,3,1,44,5,1
"ESS1e06_7",1,"6.7","23.11.2023",1067,"ES",0.415,0.3696668,2.0200796,0.7467564,4,2,2,3,1,7,2,2,3,3,3,4,2,2,73,5,1
"ESS1e06_7",1,"6.7","23.11.2023",1068,"ES",0.415,0.5734209,2.0200796,1.1583558,1,66,1,2,2,0,2,1,1,2,4,7,2,1,50,1,2
"ESS1e06_7",1,"6.7","23.11.2023",1082,"ES",0.4113,0.4030606,2.0200796,0.81421447,4,66,1,3,3,8,2,3,1,4,4,6,3,2,74,1,3
"ESS1e06_7",1,"6.7","23.11.2023",1084,"ES",1.6502,1.4981031,2.0200796,3.0262876,2,66,1,3,2,6,2,1,1,4,4,6,5,2,53,1,3
"ESS1e06_7",1,"6.7","23.11.2023",1089,"ES",2.0627,1.8725835,2.0200796,3.7827678,4,66,2,3,4,5,2,3,3,3,3,4,4,2,54,1,2
"ESS1e06_7",1,"6.7","23.11.2023",1090,"ES",0.8251,0.7490516,2.0200796,1.5131438,2,66,2,2,2,8,2,1,1,4,3,6,4,2,51,1,2
"ESS1e06_7",1,"6.7","23.11.2023",1091,"ES",0.8251,1.0370764,2.0200796,2.094977,1,66,2,1,2,7,7,2,1,4,2,8,4,1,24,2,3
"ESS1e06_7",1,"6.7","23.11.2023",1097,"ES",0.8361,0.7785905,2.0200796,1.5728148,1,66,2,2,1,10,2,4,1,8,8,88,8,2,35,77,8
"ESS1e06_7",1,"6.7","23.11.2023",1103,"ES",0.8192,1.0009197,2.0200796,2.0219374,1,66,2,3,1,9,2,4,3,1,5,88,1,2,28,2,1
"ESS1e06_7",1,"6.7","23.11.2023",1106,"ES",0.4096,0.40139464,2.0200796,0.81084913,2,1,2,2,2,9,2,1,1,4,4,2,5,2,60,2,2
"ESS1e06_7",1,"6.7","23.11.2023",1107,"ES",1.6383,1.4067477,2.0200796,2.8417423,2,1,1,1,2,8,2,1,1,5,5,1,5,2,40,5,3
"ESS1e06_7",1,"6.7","23.11.2023",1109,"ES",1.2287,0.58519256,2.0200796,1.1821356,2,1,2,2,2,5,2,1,1,4,4,7,5,2,36,3,2
"ESS1e06_7",1,"6.7","23.11.2023",1112,"ES",1.2287,1.0689565,2.0200796,2.1593773,2,0,2,2,2,77,2,2,2,3,2,88,4,1,62,1,2
"ESS1e06_7",1,"6.7","23.11.2023",1116,"ES",1.9408,2.4394107,2.0200796,4.927804,0,0,2,3,2,0,2,1,1,3,4,2,4,1,25,2,3
"ESS1e06_7",1,"6.7","23.11.2023",1126,"ES",1.5124,0.823054,2.0200796,1.6626346,1,0,2,1,1,5,8,4,3,5,1,0,1,1,28,3,8
"ESS1e06_7",1,"6.7","23.11.2023",1129,"ES",0.7562,1.2840213,2.0200796,2.593825,0,66,2,2,3,5,8,8,8,8,8,88,8,1,30,5,8
"ESS1e06_7",1,"6.7","23.11.2023",1134,"ES",2.4291,1.6493477,2.0200796,3.3318136,0,66,1,2,1,5,2,3,3,8,3,7,8,2,19,3,1
"ESS1e06_7",1,"6.7","23.11.2023",1139,"ES",0.8097,0.4406419,2.0200796,0.8901317,2,66,1,2,2,0,2,2,2,3,4,3,4,1,30,4,1
"ESS1e06_7",1,"6.7","23.11.2023",1141,"ES",1.6194,1.4701419,2.0200796,2.9698036,3,66,1,1,1,3,2,3,3,3,4,88,3,2,47,1,3
"ESS1e06_7",1,"6.7","23.11.2023",1143,"ES",0.8076,0.44188085,2.0200796,0.8926345,2,66,2,2,1,0,2,2,1,3,2,9,2,1,40,3,1
"ESS1e06_7",1,"6.7","23.11.2023",1144,"ES",0.8076,0.70260376,2.0200796,1.4193156,2,2,2,2,3,3,2,1,1,3,2,5,2,1,71,1,2
"ESS1e06_7",1,"6.7","23.11.2023",1150,"ES",0.8076,0.70260376,2.0200796,1.4193156,2,1,2,1,2,6,2,1,1,4,2,5,5,1,68,1,2
"ESS1e06_7",1,"6.7","23.11.2023",1151,"ES",1.2113,1.0538187,2.0200796,2.1287978,4,66,2,2,2,1,2,2,2,3,2,8,2,1,59,1,2
"ESS1e06_7",1,"6.7","23.11.2023",1152,"ES",0.8076,1.1158909,2.0200796,2.2541883,2,66,2,2,2,5,2,1,1,5,4,7,5,1,46,2,2
"ESS1e06_7",1,"6.7","23.11.2023",1153,"ES",1,0.9563234,2.0200796,1.9318494,0,66,2,3,5,2,2,4,4,4,8,1,8,1,87,1,4
"ESS1e06_7",1,"6.7","23.11.2023",1154,"ES",0.4225,0.40404662,2.0200796,0.81620634,0,66,2,3,5,5,2,3,3,8,8,88,3,1,82,1,3
"ESS1e06_7",1,"6.7","23.11.2023",1156,"ES",1.2676,0.75828856,2.0200796,1.5318033,0,66,2,3,1,7,2,4,4,4,3,2,8,1,17,3,3
"ESS1e06_7",1,"6.7","23.11.2023",1157,"ES",0.8451,0.5055457,2.0200796,1.0212425,66,66,2,2,1,8,8,1,1,3,4,0,5,1,34,3,4
"ESS1e06_7",1,"6.7","23.11.2023",1160,"ES",0.8451,0.5186685,2.0200796,1.0477517,2,66,2,1,1,0,2,4,4,2,2,3,4,1,67,3,3
"ESS1e06_7",1,"6.7","23.11.2023",1161,"ES",0.4225,0.3987862,2.0200796,0.80557984,2,1,2,1,1,3,2,4,4,5,1,0,1,2,37,5,3
"ESS1e06_7",1,"6.7","23.11.2023",1165,"ES",0.9857,0.52524346,2.0200796,1.0610336,2,66,2,2,2,0,2,2,1,8,3,10,5,1,17,3,1
"ESS1e06_7",1,"6.7","23.11.2023",1170,"ES",1.3143,1.7781734,2.0200796,3.592052,2,66,1,2,4,10,2,2,2,3,3,5,2,1,53,1,4
"ESS1e06_7",1,"6.7","23.11.2023",1171,"ES",0.3286,0.2799213,2.0200796,0.5654633,3,66,2,2,4,8,2,2,3,1,1,5,2,1,58,1,3
"ESS1e06_7",1,"6.7","23.11.2023",1174,"ES",0.6571,0.58410484,2.0200796,1.1799383,1,66,2,2,3,5,2,2,2,2,3,5,3,2,37,2,1
"ESS1e06_7",1,"6.7","23.11.2023",1177,"ES",0.8147,0.72419757,2.0200796,1.4629368,2,2,2,2,3,5,2,1,1,3,2,7,3,2,38,2,1
"ESS1e06_7",1,"6.7","23.11.2023",1181,"ES",1.2221,1.1726613,2.0200796,2.3688693,1,66,1,2,1,7,2,2,3,2,2,8,3,2,56,2,2
"ESS1e06_7",1,"6.7","23.11.2023",1182,"ES",2.0368,2.4367552,2.0200796,4.9224396,2,66,2,2,2,3,2,3,3,3,1,7,8,2,17,2,2
"ESS1e06_7",1,"6.7","23.11.2023",1183,"ES",1.6294,0.8682476,2.0200796,1.7539294,5,0,2,2,1,1,2,4,4,4,1,2,2,1,28,3,1
"ESS1e06_7",1,"6.7","23.11.2023",1184,"ES",1.2221,1.0410585,2.0200796,2.1030211,1,0,2,2,3,4,2,3,3,1,2,88,3,1,67,1,3
"ESS1e06_7",1,"6.7","23.11.2023",1185,"ES",1.1405,0.9858462,2.0200796,1.9914879,4,1,2,2,3,8,2,2,3,3,1,8,3,1,81,5,2
"ESS1e06_7",1,"6.7","23.11.2023",1186,"ES",1.1405,0.6077307,2.0200796,1.2276644,2,66,2,2,2,1,2,3,3,1,3,5,4,1,26,3,3
"ESS1e06_7",1,"6.7","23.11.2023",1189,"ES",1.1405,1.3670877,2.0200796,2.761626,1,0,2,4,2,1,2,3,3,2,2,4,4,2,20,5,2
"ESS1e06_7",1,"6.7","23.11.2023",1193,"ES",1.1405,1.5430319,2.0200796,3.1170473,2,66,1,3,3,6,2,3,3,3,3,4,3,1,42,2,2
"ESS1e06_7",1,"6.7","23.11.2023",1194,"ES",0.7604,0.6477546,2.0200796,1.3085159,3,0,2,1,2,10,2,2,3,1,1,3,1,1,71,1,3
"ESS1e06_7",1,"6.7","23.11.2023",1197,"ES",2.0506,1.0926896,2.0200796,2.20732,3,66,1,2,3,6,2,1,3,1,1,9,1,1,24,3,1
"ESS1e06_7",1,"6.7","23.11.2023",1200,"ES",1.2304,1.048129,2.0200796,2.1173038,2,66,2,1,2,5,2,3,3,2,2,7,8,1,62,1,2
"ESS1e06_7",1,"6.7","23.11.2023",1201,"ES",0.8203,0.698781,2.0200796,1.4115933,0,66,2,2,3,0,2,2,2,2,1,5,2,1,78,1,2
"ESS1e06_7",1,"6.7","23.11.2023",1202,"ES",1.6405,1.9664248,2.0200796,3.9723346,2,66,2,2,2,7,2,3,3,2,4,5,4,2,25,5,2
"ESS1e06_7",1,"6.7","23.11.2023",1207,"ES",0.8611,0.74914825,2.0200796,1.5133392,0,66,2,1,3,9,2,2,2,3,2,7,3,1,74,1,2
"ESS1e06_7",1,"6.7","23.11.2023",1208,"ES",0.8611,0.74914825,2.0200796,1.5133392,1,66,2,1,1,9,2,1,2,2,1,8,4,1,68,1,2
"ESS1e06_7",1,"6.7","23.11.2023",1209,"ES",2.1527,1.1715078,2.0200796,2.366539,1,0,2,1,2,6,2,3,3,2,1,4,3,1,20,3,1
"ESS1e06_7",1,"6.7","23.11.2023",1213,"ES",1.2916,1.1236788,2.0200796,2.2699206,1,1,2,1,4,1,2,1,1,4,1,2,2,1,82,1,2
"ESS1e06_7",1,"6.7","23.11.2023",1216,"ES",0.8349,0.7263545,2.0200796,1.4672939,3,66,2,1,1,4,2,1,1,3,1,7,4,1,70,1,1
"ESS1e06_7",1,"6.7","23.11.2023",1217,"ES",0.8349,0.75794834,2.0200796,1.531116,66,66,1,3,2,1,2,1,1,3,1,88,4,2,35,2,1
"ESS1e06_7",1,"6.7","23.11.2023",1219,"ES",0.8349,0.75794834,2.0200796,1.531116,1,66,2,2,2,5,2,2,2,3,1,2,4,2,37,1,1
"ESS1e06_7",1,"6.7","23.11.2023",1220,"ES",0.8349,1.049394,2.0200796,2.1198595,0,66,2,1,1,5,2,8,2,3,1,2,4,1,30,1,2
"ESS1e06_7",1,"6.7","23.11.2023",1221,"ES",0.8349,1.1536123,2.0200796,2.3303885,1,66,2,1,1,5,2,3,3,2,1,3,3,1,42,2,1
"ESS1e06_7",1,"6.7","23.11.2023",1223,"ES",0.8349,1.1536123,2.0200796,2.3303885,1,66,2,2,2,5,2,2,2,2,3,7,4,1,48,2,1
"ESS1e06_7",1,"6.7","23.11.2023",1224,"ES",0.8349,0.8181748,2.0200796,1.6527781,1,1,2,1,1,8,2,1,2,3,1,5,4,2,57,1,1
"ESS1e06_7",1,"6.7","23.11.2023",1228,"ES",2.8243,2.5639877,2.0200796,5.1794596,3,66,2,4,2,4,2,1,1,4,2,88,4,2,51,1,3
"ESS1e06_7",1,"6.7","23.11.2023",1233,"ES",0.807,0.7908337,2.0200796,1.597547,2,66,2,2,3,7,2,2,2,2,3,5,4,2,70,1,2
"ESS1e06_7",1,"6.7","23.11.2023",1234,"ES",0.807,0.7908337,2.0200796,1.597547,2,1,2,2,2,6,2,3,3,3,3,5,4,2,66,1,1
"ESS1e06_7",1,"6.7","23.11.2023",1235,"ES",1.6139,1.9719046,2.0200796,3.9834044,1,66,2,2,1,5,2,3,3,2,3,5,3,2,15,2,2
"ESS1e06_7",1,"6.7","23.11.2023",1237,"ES",0.7785,0.4346601,2.0200796,0.878048,3,1,1,3,3,5,2,1,1,4,3,7,4,1,56,3,1
"ESS1e06_7",1,"6.7","23.11.2023",1240,"ES",0.7785,0.97850436,2.0200796,1.9766567,3,1,1,4,3,7,2,1,1,2,4,1,5,1,34,2,3
"ESS1e06_7",1,"6.7","23.11.2023",1246,"ES",1.1678,0.7929308,2.0200796,1.6017833,1,66,1,3,2,1,2,1,1,4,8,2,5,2,17,3,2
"ESS1e06_7",1,"6.7","23.11.2023",1249,"ES",2.1319,1.1601883,2.0200796,2.3436728,2,1,1,2,2,6,2,2,2,3,3,7,3,1,22,3,2
"ESS1e06_7",1,"6.7","23.11.2023",1250,"ES",0.4264,0.4178581,2.0200796,0.8441066,4,66,2,3,3,4,2,3,3,2,1,8,2,2,67,1,3
"ESS1e06_7",1,"6.7","23.11.2023",1253,"ES",0.8528,0.57904726,2.0200796,1.1697216,3,1,1,3,3,3,2,3,3,2,3,3,3,2,32,3,3
"ESS1e06_7",1,"6.7","23.11.2023",1258,"ES",1.2791,0.69609123,2.0200796,1.4061598,1,1,2,1,2,4,2,1,1,4,4,5,4,1,19,3,1
"ESS1e06_7",1,"6.7","23.11.2023",1260,"ES",0.8528,1.0718927,2.0200796,2.1653087,4,2,2,4,2,5,2,3,3,2,2,88,2,1,34,1,2
"ESS1e06_7",1,"6.7","23.11.2023",1261,"ES",1.7693,1.5192325,2.0200796,3.0689707,3,1,1,2,3,9,2,3,1,3,3,5,4,2,52,5,2
"ESS1e06_7",1,"6.7","23.11.2023",1262,"ES",1.0616,1.8025879,2.0200796,3.641371,2,66,1,2,2,0,2,1,1,3,4,3,5,1,26,5,4
"ESS1e06_7",1,"6.7","23.11.2023",1264,"ES",1.0616,0.93717474,2.0200796,1.8931676,1,1,2,2,3,7,2,3,3,2,4,7,4,1,62,5,2
"ESS1e06_7",1,"6.7","23.11.2023",1265,"ES",1.0616,0.5777269,2.0200796,1.1670543,2,66,1,4,2,6,2,2,2,1,3,5,4,1,17,3,1
"ESS1e06_7",1,"6.7","23.11.2023",1266,"ES",0.7077,0.8663554,2.0200796,1.7501069,2,66,2,2,2,7,2,3,3,2,1,2,4,2,31,5,1
"ESS1e06_7",1,"6.7","23.11.2023",1269,"ES",1.4155,1.7328331,2.0200796,3.5004609,2,1,1,3,1,2,2,1,1,3,4,3,4,2,28,5,1
"ESS1e06_7",1,"6.7","23.11.2023",1270,"ES",0.7077,0.38513312,2.0200796,0.7779996,2,66,2,2,2,7,2,2,2,2,3,0,3,1,33,3,1
"ESS1e06_7",1,"6.7","23.11.2023",1271,"ES",0.7077,0.81587195,2.0200796,1.6481262,2,66,2,1,2,2,2,1,1,3,4,8,4,1,37,5,1
"ESS1e06_7",1,"6.7","23.11.2023",1273,"ES",0.8743,0.7606321,2.0200796,1.5365374,1,66,2,1,1,0,2,1,1,3,1,8,5,1,59,1,2
"ESS1e06_7",1,"6.7","23.11.2023",1274,"ES",1.3114,1.2851292,2.0200796,2.5960634,0,66,2,2,4,8,2,1,2,2,1,5,3,2,60,1,2
"ESS1e06_7",1,"6.7","23.11.2023",1275,"ES",1.7485,2.197707,2.0200796,4.439543,1,66,2,1,1,0,2,1,1,1,1,5,1,1,16,2,2
"ESS1e06_7",1,"6.7","23.11.2023",1277,"ES",1.3114,1.19053,2.0200796,2.4049652,3,66,2,2,1,5,2,1,2,4,1,6,2,2,41,2,2
"ESS1e06_7",1,"6.7","23.11.2023",1280,"ES",2.1857,3.0200627,2.0200796,6.100767,1,1,2,1,1,1,2,1,3,1,1,5,4,1,42,1,1
"ESS1e06_7",1,"6.7","23.11.2023",1283,"ES",1.6946,1.4742848,2.0200796,2.9781725,1,1,2,2,2,8,2,2,2,2,2,6,2,1,57,1,1
"ESS1e06_7",1,"6.7","23.11.2023",1286,"ES",1.271,1.5975325,2.0200796,3.2271428,2,0,1,3,2,6,2,3,3,4,3,5,4,1,29,2,2
"ESS1e06_7",1,"6.7","23.11.2023",1290,"ES",1.271,1.5529405,2.0200796,3.1370635,1,66,2,2,3,5,2,2,2,4,2,5,3,2,34,2,1
"ESS1e06_7",1,"6.7","23.11.2023",1293,"ES",1.5728,2.173196,2.0200796,4.390029,3,1,2,2,2,6,2,1,1,2,2,5,2,1,52,1,1
"ESS1e06_7",1,"6.7","23.11.2023",1294,"ES",2.0971,2.5672374,2.0200796,5.1860237,2,66,2,3,3,5,2,3,3,3,4,88,4,2,26,5,2
"ESS1e06_7",1,"6.7","23.11.2023",1295,"ES",1.0485,1.0274959,2.0200796,2.0756235,1,66,2,1,2,5,2,2,3,8,8,5,2,2,70,1,2
"ESS1e06_7",1,"6.7","23.11.2023",1296,"ES",2.0971,1.1474348,2.0200796,2.3179097,1,66,2,2,3,3,2,1,1,2,2,4,3,1,44,3,3
"ESS1e06_7",1,"6.7","23.11.2023",1297,"ES",0.5243,0.45613566,2.0200796,0.92143035,4,66,2,2,2,5,2,2,2,2,2,5,3,1,72,1,1
"ESS1e06_7",1,"6.7","23.11.2023",1298,"ES",1.0485,0.9121843,2.0200796,1.8426849,2,66,2,1,1,6,2,2,2,3,3,5,2,1,62,1,2
"ESS1e06_7",1,"6.7","23.11.2023",1299,"ES",0.5243,0.5137969,2.0200796,1.0379107,2,66,2,2,3,5,2,2,2,3,2,5,2,2,78,1,2
"ESS1e06_7",1,"6.7","23.11.2023",1300,"ES",1.0485,1.4487513,2.0200796,2.926593,1,66,2,2,2,5,2,2,2,2,2,5,2,1,52,1,2
"ESS1e06_7",1,"6.7","23.11.2023",1301,"ES",0.5243,0.5137969,2.0200796,1.0379107,1,66,2,1,3,6,2,1,1,8,8,6,8,2,75,1,3
"ESS1e06_7",1,"6.7","23.11.2023",1302,"ES",2.0971,2.0550897,2.0200796,4.151445,7,0,2,1,2,7,2,2,2,8,2,4,2,2,60,1,1
"ESS1e06_7",1,"6.7","23.11.2023",1304,"ES",1.4499,2.0033805,2.0200796,4.046988,1,1,2,1,1,1,7,1,1,5,1,9,5,1,50,1,3
"ESS1e06_7",1,"6.7","23.11.2023",1306,"ES",1.4499,1.3162645,2.0200796,2.6589592,0,66,2,1,1,5,2,8,8,4,2,5,4,2,48,1,3
"ESS1e06_7",1,"6.7","23.11.2023",1307,"ES",0.7249,0.6580869,2.0200796,1.3293879,0,66,2,1,3,7,2,2,2,1,1,88,2,2,50,1,3
"ESS1e06_7",1,"6.7","23.11.2023",1309,"ES",1.4499,1.8223937,2.0200796,3.6813803,1,66,1,1,1,5,2,4,3,2,3,9,5,1,24,2,4
"ESS1e06_7",1,"6.7","23.11.2023",1310,"ES",0.7249,0.63065565,2.0200796,1.2739747,1,66,2,1,4,6,7,1,1,3,1,88,5,1,71,1,3
"ESS1e06_7",1,"6.7","23.11.2023",1311,"ES",0.7249,0.63065565,2.0200796,1.2739747,66,66,2,1,1,7,7,8,3,3,3,6,4,1,60,1,3
"ESS1e06_7",1,"6.7","23.11.2023",1316,"ES",2.2565,2.6509864,2.0200796,5.3552036,2,2,2,2,2,6,2,3,3,4,3,5,4,2,25,5,2
"ESS1e06_7",1,"6.7","23.11.2023",1318,"ES",0.9026,0.41254708,2.0200796,0.83337796,1,66,1,2,2,7,2,3,3,4,3,5,4,2,38,4,2
"ESS1e06_7",1,"6.7","23.11.2023",1319,"ES",0.9026,0.5881491,2.0200796,1.188108,66,1,2,2,2,2,2,2,3,2,4,7,4,2,26,3,2
"ESS1e06_7",1,"6.7","23.11.2023",1320,"ES",1.3539,1.1470214,2.0200796,2.3170745,2,2,2,2,2,7,2,3,3,3,4,5,4,1,70,5,1
"ESS1e06_7",1,"6.7","23.11.2023",1322,"ES",1.8052,1.6977049,2.0200796,3.4294991,2,2,2,3,2,9,2,2,3,3,3,5,4,2,56,1,1
"ESS1e06_7",1,"6.7","23.11.2023",1325,"ES",0.8017,0.6606325,2.0200796,1.3345302,2,2,2,2,3,1,2,3,3,4,3,5,4,2,37,5,2
"ESS1e06_7",1,"6.7","23.11.2023",1326,"ES",0.8017,0.42096505,2.0200796,0.8503829,3,1,2,2,2,5,2,2,3,4,3,5,3,1,38,4,1
"ESS1e06_7",1,"6.7","23.11.2023",1327,"ES",1.6035,1.3970095,2.0200796,2.8220704,2,1,2,2,2,1,2,2,3,2,3,5,5,2,48,2,1
"ESS1e06_7",1,"6.7","23.11.2023",1330,"ES",1.2026,1.0188403,2.0200796,2.0581386,2,1,2,2,1,7,2,2,3,4,3,5,4,1,63,5,1
"ESS1e06_7",1,"6.7","23.11.2023",1331,"ES",0.8017,0.6984612,2.0200796,1.4109472,1,2,2,3,2,10,2,2,3,4,2,5,4,2,48,2,1
"ESS1e06_7",1,"6.7","23.11.2023",1332,"ES",0.8017,0.6853297,2.0200796,1.3844205,5,66,8,3,5,9,2,1,3,4,3,5,4,2,70,5,2
"ESS1e06_7",1,"6.7","23.11.2023",1333,"ES",0.8017,0.6791986,2.0200796,1.3720353,2,66,2,3,2,10,2,1,3,2,5,5,4,1,65,5,1
"ESS1e06_7",1,"6.7","23.11.2023",1335,"ES",0.4009,0.33035743,2.0200796,0.6673483,1,2,1,2,3,5,2,3,3,2,4,3,4,2,46,5,2
"ESS1e06_7",1,"6.7","23.11.2023",1336,"ES",2.0043,2.3546963,2.0200796,4.756674,2,2,2,2,1,5,2,3,3,2,3,5,4,2,26,5,1
"ESS1e06_7",1,"6.7","23.11.2023",1347,"ES",0.8236,0.9934494,2.0200796,2.006847,1,66,2,2,1,10,1,1,2,2,2,88,3,1,26,1,4
"ESS1e06_7",1,"6.7","23.11.2023",1349,"ES",1.6087,0.84016,2.0200796,1.6971902,1,2,2,1,1,5,2,4,3,2,3,5,2,1,18,3,1
"ESS1e06_7",1,"6.7","23.11.2023",1350,"ES",1.2065,0.6335217,2.0200796,1.2797642,3,2,2,2,2,6,2,3,2,1,5,6,3,1,46,3,2
"ESS1e06_7",1,"6.7","23.11.2023",1352,"ES",1.6087,0.84016,2.0200796,1.6971902,1,1,1,1,2,3,2,3,3,3,3,1,3,1,26,4,1
"ESS1e06_7",1,"6.7","23.11.2023",1355,"ES",0.8043,0.5240952,2.0200796,1.058714,2,1,2,2,3,3,2,3,3,2,4,1,2,2,31,4,2
"ESS1e06_7",1,"6.7","23.11.2023",1361,"ES",2.1721,1.8923881,2.0200796,3.8227746,2,0,2,1,2,7,2,4,2,2,4,9,4,2,39,2,2
"ESS1e06_7",1,"6.7","23.11.2023",1364,"ES",0.6206,0.58364487,2.0200796,1.1790091,1,66,2,1,3,9,2,1,3,8,2,7,2,2,60,1,2
"ESS1e06_7",1,"6.7","23.11.2023",1365,"ES",1.2412,1.1672897,2.0200796,2.3580182,2,66,2,1,3,7,2,1,3,2,3,7,2,2,58,1,3
"ESS1e06_7",1,"6.7","23.11.2023",1366,"ES",0.9309,0.8110235,2.0200796,1.638332,1,2,2,1,3,8,2,4,3,2,3,8,4,2,42,1,1
"ESS1e06_7",1,"6.7","23.11.2023",1368,"ES",0.9309,0.8754673,2.0200796,1.7685137,1,66,2,1,3,9,2,2,2,2,3,6,4,2,84,1,3
"ESS1e06_7",1,"6.7","23.11.2023",1371,"ES",1.514,1.2475958,2.0200796,2.520243,2,1,2,3,1,9,2,2,3,3,3,8,4,2,53,5,2
"ESS1e06_7",1,"6.7","23.11.2023",1374,"ES",1.0093,0.8426742,2.0200796,1.702269,2,2,2,2,4,7,2,3,3,4,8,5,4,1,87,1,2
"ESS1e06_7",1,"6.7","23.11.2023",1375,"ES",2.0186,1.0816001,2.0200796,2.1849182,2,2,1,1,1,5,2,2,2,3,3,5,3,1,55,3,2
"ESS1e06_7",1,"6.7","23.11.2023",1376,"ES",1.0093,1.1857481,2.0200796,2.3953056,1,1,2,3,2,6,2,3,3,4,3,5,4,2,30,5,2
"ESS1e06_7",1,"6.7","23.11.2023",1377,"ES",2.5233,1.1533127,2.0200796,2.3297834,1,1,2,1,1,6,2,3,3,3,3,5,3,2,35,4,1
"ESS1e06_7",1,"6.7","23.11.2023",1378,"ES",1.514,0.6863684,2.0200796,1.3865188,3,3,1,1,4,10,2,3,3,2,4,5,4,2,57,3,2
"ESS1e06_7",1,"6.7","23.11.2023",1379,"ES",0.749,0.70439893,2.0200796,1.4229419,2,66,2,4,1,5,2,2,3,4,2,8,4,2,75,1,2
"ESS1e06_7",1,"6.7","23.11.2023",1380,"ES",0.749,0.48806077,2.0200796,0.9859216,2,0,2,2,2,5,2,3,4,2,2,5,2,2,27,4,1
"ESS1e06_7",1,"6.7","23.11.2023",1381,"ES",0.3745,0.31267363,2.0200796,0.6316256,2,66,2,1,3,7,2,1,1,2,2,9,4,1,85,1,3
"ESS1e06_7",1,"6.7","23.11.2023",1382,"ES",1.498,1.7564927,2.0200796,3.5482552,2,66,2,1,1,1,2,3,2,2,4,5,4,2,18,2,1
"ESS1e06_7",1,"6.7","23.11.2023",1386,"ES",0.749,0.87824637,2.0200796,1.7741276,4,66,1,4,2,8,2,2,2,3,1,88,4,2,31,2,2
"ESS1e06_7",1,"6.7","23.11.2023",1388,"ES",1.1235,0.5899392,2.0200796,1.1917241,66,66,2,1,2,5,2,3,1,5,4,8,4,1,43,3,2
"ESS1e06_7",1,"6.7","23.11.2023",1390,"ES",1.7646,2.339898,2.0200796,4.7267804,2,66,2,1,3,8,2,8,8,2,1,1,4,1,51,1,3
"ESS1e06_7",1,"6.7","23.11.2023",1391,"ES",2.1175,1.9914082,2.0200796,4.0228033,0,66,2,2,3,10,2,8,8,8,1,88,8,2,83,1,3
"ESS1e06_7",1,"6.7","23.11.2023",1392,"ES",1.4117,1.3276368,2.0200796,2.6819322,2,66,2,2,3,5,2,8,8,4,1,9,3,2,56,1,2
"ESS1e06_7",1,"6.7","23.11.2023",1393,"ES",0.7058,0.6637714,2.0200796,1.3408711,66,66,2,1,4,10,2,8,8,8,8,88,8,2,83,1,2
"ESS1e06_7",1,"6.7","23.11.2023",1395,"ES",1.4117,1.3276368,2.0200796,2.6819322,0,66,2,2,3,8,2,8,8,8,8,88,8,2,78,1,2
"ESS1e06_7",1,"6.7","23.11.2023",1396,"ES",0.7058,0.6637714,2.0200796,1.3408711,1,66,2,1,5,9,2,4,4,2,1,0,2,2,56,1,3
"ESS1e06_7",1,"6.7","23.11.2023",1399,"ES",1.0833,0.5657645,2.0200796,1.1428893,1,1,2,2,2,4,2,1,1,2,4,7,4,1,21,4,1
"ESS1e06_7",1,"6.7","23.11.2023",1402,"ES",1.4445,1.2060269,2.0200796,2.4362705,3,66,2,1,2,5,2,1,3,3,4,6,2,1,68,1,3
"ESS1e06_7",1,"6.7","23.11.2023",1404,"ES",1.0833,0.5657645,2.0200796,1.1428893,1,1,2,1,2,5,2,4,2,1,4,3,3,1,21,3,3
"ESS1e06_7",1,"6.7","23.11.2023",1407,"ES",0.7222,0.6791948,2.0200796,1.3720276,4,66,2,2,3,6,2,2,3,8,2,6,2,2,81,1,3
"ESS1e06_7",1,"6.7","23.11.2023",1408,"ES",1.0833,1.0187923,2.0200796,2.0580416,2,66,2,1,1,10,2,1,3,2,2,6,2,2,85,1,2
"ESS1e06_7",1,"6.7","23.11.2023",1409,"ES",1.6143,1.1366774,2.0200796,2.2961788,66,1,2,3,1,5,2,2,1,2,3,5,2,2,22,3,1
"ESS1e06_7",1,"6.7","23.11.2023",1411,"ES",0.4036,0.36948514,2.0200796,0.7463894,3,1,2,2,3,9,2,1,1,3,3,4,3,1,85,5,1
"ESS1e06_7",1,"6.7","23.11.2023",1413,"ES",0.8072,0.72825164,2.0200796,1.4711263,3,2,2,1,3,5,2,3,3,2,2,2,4,1,73,1,3
"ESS1e06_7",1,"6.7","23.11.2023",1414,"ES",0.4036,0.5260675,2.0200796,1.0626982,2,1,2,2,2,6,2,2,3,1,4,1,1,1,26,2,3
"ESS1e06_7",1,"6.7","23.11.2023",1415,"ES",1.2107,1.230366,2.0200796,2.4854372,1,66,2,8,4,6,2,8,8,3,2,88,3,2,67,2,2
"ESS1e06_7",1,"6.7","23.11.2023",1417,"ES",2.4215,4.0259333,2.0200796,8.132706,1,1,2,2,1,4,2,2,2,3,2,7,3,1,29,5,1
"ESS1e06_7",1,"6.7","23.11.2023",1419,"ES",0.4375,0.4446065,2.0200796,0.89814055,3,66,1,2,3,6,2,1,1,3,3,6,3,2,71,2,2
"ESS1e06_7",1,"6.7","23.11.2023",1420,"ES",0.8749,0.493749,2.0200796,0.99741226,2,1,1,1,2,5,2,2,3,4,2,9,2,1,25,3,3
"ESS1e06_7",1,"6.7","23.11.2023",1421,"ES",0.8749,0.8891114,2.0200796,1.7960758,3,66,2,2,4,7,2,1,1,4,8,6,4,2,75,1,2
"ESS1e06_7",1,"6.7","23.11.2023",1422,"ES",0.8749,0.8891114,2.0200796,1.7960758,3,1,2,1,4,7,2,2,2,4,2,88,3,2,77,2,1
"ESS1e06_7",1,"6.7","23.11.2023",1430,"ES",1.2362,1.5663332,2.0200796,3.1641178,3,66,2,3,1,8,1,1,1,3,2,6,4,2,34,1,3
"ESS1e06_7",1,"6.7","23.11.2023",1432,"ES",0.8241,0.5802737,2.0200796,1.172199,0,0,2,3,1,6,2,2,2,2,2,6,2,2,29,4,2
"ESS1e06_7",1,"6.7","23.11.2023",1434,"ES",0.8241,0.83748627,2.0200796,1.6917889,4,0,2,2,2,5,2,3,3,2,2,6,2,2,64,2,2
"ESS1e06_7",1,"6.7","23.11.2023",1440,"ES",1.3445,1.6427448,2.0200796,3.3184752,0,66,1,4,3,5,2,4,3,3,1,2,5,2,22,2,1
"ESS1e06_7",1,"6.7","23.11.2023",1443,"ES",1.7927,2.2532623,2.0200796,4.5517693,2,66,2,2,2,0,2,2,2,4,4,5,4,1,18,2,3
"ESS1e06_7",1,"6.7","23.11.2023",1451,"ES",0.8567,0.74532026,2.0200796,1.5056063,3,66,2,4,3,2,2,3,3,1,1,9,3,1,71,1,3
"ESS1e06_7",1,"6.7","23.11.2023",1452,"ES",1.2851,1.166654,2.0200796,2.356734,2,66,2,2,2,5,2,2,3,1,2,7,4,2,44,2,3
"ESS1e06_7",1,"6.7","23.11.2023",1461,"ES",1.283,1.1647475,2.0200796,2.3528826,2,66,1,3,3,2,2,3,3,4,3,88,2,2,49,2,2
"ESS1e06_7",1,"6.7","23.11.2023",1465,"ES",0.8553,0.7441023,2.0200796,1.5031459,4,1,2,1,2,3,2,3,3,1,1,3,8,1,73,1,3
"ESS1e06_7",1,"6.7","23.11.2023",1466,"ES",1.283,1.2572981,2.0200796,2.5398424,1,66,2,3,4,5,2,2,3,2,2,6,5,2,63,1,2
"ESS1e06_7",1,"6.7","23.11.2023",1467,"ES",1.283,1.1647475,2.0200796,2.3528826,3,66,2,1,3,2,2,1,1,3,3,88,4,2,39,2,3
"ESS1e06_7",1,"6.7","23.11.2023",1468,"ES",0.8553,0.8381661,2.0200796,1.6931623,2,66,2,2,4,6,2,4,4,1,1,88,8,2,77,1,3
"ESS1e06_7",1,"6.7","23.11.2023",1469,"ES",0.4642,0.39543355,2.0200796,0.79880726,4,1,1,2,3,5,2,8,8,3,1,3,4,1,77,1,2
"ESS1e06_7",1,"6.7","23.11.2023",1470,"ES",1.8566,3.0867972,2.0200796,6.235576,2,1,1,3,2,0,2,3,3,3,2,5,4,1,24,5,1
"ESS1e06_7",1,"6.7","23.11.2023",1471,"ES",0.9283,0.89074665,2.0200796,1.7993791,4,66,2,2,3,8,2,3,3,3,2,4,8,2,70,1,2
"ESS1e06_7",1,"6.7","23.11.2023",1473,"ES",0.4642,0.52400106,2.0200796,1.0585239,2,3,1,2,2,2,2,8,3,4,2,6,4,1,42,5,1
"ESS1e06_7",1,"6.7","23.11.2023",1475,"ES",2.3208,3.8585796,2.0200796,7.794638,2,1,1,2,2,3,2,2,2,4,8,7,5,1,26,5,1
"ESS1e06_7",1,"6.7","23.11.2023",1476,"ES",0.9283,1.0478892,2.0200796,2.1168196,2,2,2,2,1,6,2,8,8,2,5,8,5,1,44,5,1
"ESS1e06_7",1,"6.7","23.11.2023",1479,"ES",0.4642,0.4454213,2.0200796,0.89978653,3,2,2,2,3,7,2,3,3,4,1,6,4,2,67,1,2
"ESS1e06_7",1,"6.7","23.11.2023",1480,"ES",0.9283,0.89074665,2.0200796,1.7993791,2,66,1,2,2,6,2,3,3,4,8,6,8,2,65,1,1
"ESS1e06_7",1,"6.7","23.11.2023",1487,"ES",1.3834,2.5616639,2.0200796,5.174765,0,66,2,2,1,5,8,8,8,3,1,7,2,2,15,2,8
"ESS1e06_7",1,"6.7","23.11.2023",1488,"ES",0.9223,0.6657179,2.0200796,1.3448032,1,66,2,2,2,5,2,1,1,4,3,5,3,2,39,3,1
"ESS1e06_7",1,"6.7","23.11.2023",1492,"ES",0.6234,0.9258562,2.0200796,1.8703032,2,1,2,1,2,6,1,1,1,5,3,0,5,2,68,1,3
"ESS1e06_7",1,"6.7","23.11.2023",1493,"ES",0.8312,1.4522569,2.0200796,2.9336746,2,2,2,1,2,1,2,1,1,5,5,3,5,1,51,5,1
"ESS1e06_7",1,"6.7","23.11.2023",1494,"ES",0.4156,0.5408333,2.0200796,1.0925263,1,1,2,1,3,0,1,4,1,5,3,88,5,2,47,5,1
"ESS1e06_7",1,"6.7","23.11.2023",1496,"ES",0.4156,0.7916711,2.0200796,1.5992386,2,66,2,1,1,10,1,1,1,5,5,0,5,1,28,1,3
"ESS1e06_7",1,"6.7","23.11.2023",1497,"ES",0.2078,0.27398375,2.0200796,0.553469,3,2,2,1,3,2,2,8,1,5,5,88,5,1,71,1,2
"ESS1e06_7",1,"6.7","23.11.2023",1498,"ES",0.2078,0.30861872,2.0200796,0.62343436,3,66,2,2,5,10,2,3,3,1,1,88,1,2,73,1,4
"ESS1e06_7",1,"6.7","23.11.2023",1499,"ES",0.2078,0.27398375,2.0200796,0.553469,1,3,2,2,2,1,2,2,2,3,3,5,4,1,57,1,2
"ESS1e06_7",1,"6.7","23.11.2023",1501,"ES",1.1761,0.9752551,2.0200796,1.9700929,1,2,2,2,3,77,2,1,1,2,2,6,5,1,44,4,3
"ESS1e06_7",1,"6.7","23.11.2023",1502,"ES",0.882,0.90761256,2.0200796,1.8334496,1,1,2,1,1,0,1,8,1,8,8,88,4,2,16,3,8
"ESS1e06_7",1,"6.7","23.11.2023",1505,"ES",1.1761,0.9752551,2.0200796,1.9700929,1,2,1,2,2,1,2,2,2,4,4,3,5,1,44,4,2
"ESS1e06_7",1,"6.7","23.11.2023",1506,"ES",0.588,0.605075,2.0200796,1.2222997,1,1,2,1,1,4,2,8,2,8,8,88,8,2,16,3,3
"ESS1e06_7",1,"6.7","23.11.2023",1511,"ES",1.7275,3.2050147,2.0200796,6.474385,1,66,2,3,1,5,2,2,2,8,2,4,8,2,34,5,2
"ESS1e06_7",1,"6.7","23.11.2023",1512,"ES",2.5913,4.0259333,2.0200796,8.132706,1,2,2,2,3,3,1,8,2,4,3,2,4,1,50,5,2
"ESS1e06_7",1,"6.7","23.11.2023",1515,"ES",1.7275,1.4247702,2.0200796,2.8781493,2,66,2,2,2,1,2,4,8,8,8,6,8,1,29,4,2
"ESS1e06_7",1,"6.7","23.11.2023",1516,"ES",1.7275,1.2469127,2.0200796,2.518863,2,1,1,8,3,3,2,3,3,3,3,3,4,2,35,4,3
"ESS1e06_7",1,"6.7","23.11.2023",1517,"ES",1.7275,2.2480497,2.0200796,4.5412393,1,1,1,2,1,3,2,1,1,4,4,0,4,2,39,5,2
"ESS1e06_7",1,"6.7","23.11.2023",1520,"ES",1.7275,1.7839564,2.0200796,3.603734,1,1,2,3,2,4,2,2,2,3,2,5,8,1,60,77,2
"ESS1e06_7",1,"6.7","23.11.2023",1522,"ES",1.4652,2.7131343,2.0200796,5.480747,1,1,1,2,2,3,2,2,1,5,3,5,5,2,16,2,1
"ESS1e06_7",1,"6.7","23.11.2023",1525,"ES",0.9768,1.2711403,2.0200796,2.5678046,1,1,2,1,2,0,2,2,2,2,3,1,4,2,35,5,2
"ESS1e06_7",1,"6.7","23.11.2023",1533,"ES",0.6758,0.66226196,2.0200796,1.3378218,1,66,2,4,4,8,2,3,3,2,2,88,2,2,66,1,4
"ESS1e06_7",1,"6.7","23.11.2023",1534,"ES",1.0137,1.4006668,2.0200796,2.8294585,2,1,2,4,5,2,2,2,2,5,3,8,5,1,43,1,3
"ESS1e06_7",1,"6.7","23.11.2023",1537,"ES",0.6758,0.93377787,2.0200796,1.8863057,1,66,2,2,3,0,2,3,3,1,1,88,1,1,50,1,4
"ESS1e06_7",1,"6.7","23.11.2023",1539,"ES",1.3516,1.2270247,2.0200796,2.4786875,1,66,2,3,5,6,2,3,3,1,1,88,2,2,52,1,4
"ESS1e06_7",1,"6.7","23.11.2023",1540,"ES",0.3379,0.33113098,2.0200796,0.6689109,2,66,2,2,4,6,2,8,8,1,8,88,8,2,80,1,4
"ESS1e06_7",1,"6.7","23.11.2023",1541,"ES",0.6758,0.66226196,2.0200796,1.3378218,1,66,2,3,4,8,2,3,3,1,1,88,8,2,61,1,4
"ESS1e06_7",1,"6.7","23.11.2023",1542,"ES",1.0137,1.2741295,2.0200796,2.573843,2,66,2,1,2,2,2,4,4,1,1,88,1,1,20,1,4
"ESS1e06_7",1,"6.7","23.11.2023",1543,"ES",1.0137,1.4006668,2.0200796,2.8294585,3,66,2,1,2,1,1,2,2,1,2,88,3,1,51,1,4
"ESS1e06_7",1,"6.7","23.11.2023",1547,"ES",0.8179,0.71156466,2.0200796,1.4374173,2,0,2,1,4,2,2,2,2,4,3,7,4,1,65,1,3
"ESS1e06_7",1,"6.7","23.11.2023",1551,"ES",1.2268,0.58428764,2.0200796,1.1803075,1,66,2,3,3,4,2,1,2,5,3,7,4,2,40,3,2
"ESS1e06_7",1,"6.7","23.11.2023",1552,"ES",0.8179,0.38954097,2.0200796,0.7869038,2,66,2,1,1,2,2,1,2,2,1,5,5,2,38,3,1
"ESS1e06_7",1,"6.7","23.11.2023",1555,"ES",0.8495,1.067745,2.0200796,2.1569297,1,66,2,2,2,3,2,2,2,5,2,8,5,1,33,2,2
"ESS1e06_7",1,"6.7","23.11.2023",1556,"ES",2.1238,1.4420503,2.0200796,2.9130564,1,66,2,2,2,3,2,3,3,2,3,88,3,2,26,4,2
"ESS1e06_7",1,"6.7","23.11.2023",1558,"ES",1.699,2.0798895,2.0200796,4.2015424,2,2,1,1,2,5,2,3,2,3,5,7,5,2,29,5,2
"ESS1e06_7",1,"6.7","23.11.2023",1559,"ES",0.8495,0.40459108,2.0200796,0.8173062,2,3,2,1,2,6,2,3,3,4,3,5,3,2,40,4,2
"ESS1e06_7",1,"6.7","23.11.2023",1561,"ES",1.2743,1.108628,2.0200796,2.239517,1,66,2,3,3,2,2,2,2,3,3,0,5,1,63,1,3
"ESS1e06_7",1,"6.7","23.11.2023",1562,"ES",2.1238,1.8476844,2.0200796,3.7324696,2,66,2,3,3,5,2,2,2,5,2,5,3,1,61,2,3
"ESS1e06_7",1,"6.7","23.11.2023",1564,"ES",0.8495,1.037941,2.0200796,2.0967233,2,66,1,3,2,5,2,3,2,5,4,88,5,2,29,2,3
"ESS1e06_7",1,"6.7","23.11.2023",1565,"ES",1.4846,1.491224,2.0200796,3.0123913,2,66,2,1,3,5,2,3,3,4,4,7,5,2,49,2,3
"ESS1e06_7",1,"6.7","23.11.2023",1566,"ES",1.4846,1.491224,2.0200796,3.0123913,2,66,2,2,1,5,2,3,3,1,1,6,4,2,46,2,2
"ESS1e06_7",1,"6.7","23.11.2023",1570,"ES",1.1135,1.0876225,2.0200796,2.1970842,3,66,2,2,2,0,2,3,3,2,2,7,4,1,74,5,1
"ESS1e06_7",1,"6.7","23.11.2023",1571,"ES",0.7423,0.7145324,2.0200796,1.4434123,1,2,2,1,3,5,2,3,3,3,3,88,3,1,75,1,3
"ESS1e06_7",1,"6.7","23.11.2023",1574,"ES",1.4846,1.4290648,2.0200796,2.8868246,2,66,2,2,2,7,2,2,8,1,1,6,2,1,58,2,3
"ESS1e06_7",1,"6.7","23.11.2023",1575,"ES",0.3673,0.36893883,2.0200796,0.7452858,1,66,2,2,3,0,2,2,3,1,4,1,3,2,41,2,2
"ESS1e06_7",1,"6.7","23.11.2023",1576,"ES",0.7346,0.6979141,2.0200796,1.4098421,2,66,2,2,2,6,2,3,3,2,1,6,4,2,42,5,1
"ESS1e06_7",1,"6.7","23.11.2023",1580,"ES",1.1018,1.1946555,2.0200796,2.4132993,0,66,2,3,4,6,2,1,1,1,5,0,5,2,57,1,2
"ESS1e06_7",1,"6.7","23.11.2023",1581,"ES",0.7346,0.7071204,2.0200796,1.4284395,1,66,2,3,4,10,2,1,1,1,3,3,5,1,76,1,2
"ESS1e06_7",1,"6.7","23.11.2023",1587,"ES",2.4577,2.2311769,2.0200796,4.507155,2,66,2,2,2,6,2,3,8,2,3,3,8,2,53,1,2
"ESS1e06_7",1,"6.7","23.11.2023",1589,"ES",0.9831,0.66752034,2.0200796,1.3484442,2,1,2,2,1,2,2,8,8,5,5,88,4,2,26,3,2
"ESS1e06_7",1,"6.7","23.11.2023",1590,"ES",1.4746,1.8017043,2.0200796,3.6395862,2,1,2,2,2,5,2,8,8,4,3,3,8,2,16,2,1
"ESS1e06_7",1,"6.7","23.11.2023",1592,"ES",1.4746,1.8017043,2.0200796,3.6395862,1,66,2,2,1,6,2,1,3,4,3,3,2,2,15,1,2
"ESS1e06_7",1,"6.7","23.11.2023",1593,"ES",1.4746,2.0375094,2.0200796,4.1159315,2,66,2,2,1,5,2,4,4,2,3,2,2,1,38,1,2
"ESS1e06_7",1,"6.7","23.11.2023",1594,"ES",0.9831,0.855287,2.0200796,1.7277479,1,1,2,2,3,5,2,3,3,2,3,2,2,1,68,1,2
"ESS1e06_7",1,"6.7","23.11.2023",1595,"ES",0.8114,0.7366143,2.0200796,1.4880195,3,66,2,2,2,4,2,2,3,4,3,3,2,2,39,1,2
"ESS1e06_7",1,"6.7","23.11.2023",1596,"ES",0.8114,0.7951455,2.0200796,1.6062572,2,66,2,2,3,7,2,2,2,2,8,2,2,2,71,1,2
"ESS1e06_7",1,"6.7","23.11.2023",1598,"ES",2.8398,1.9282111,2.0200796,3.89514,1,66,2,2,1,4,2,3,2,4,3,3,4,2,21,3,1
"ESS1e06_7",1,"6.7","23.11.2023",1600,"ES",1.217,1.5296594,2.0200796,3.0900338,1,66,2,1,1,5,2,3,3,2,3,2,4,1,23,2,1
"ESS1e06_7",1,"6.7","23.11.2023",1602,"ES",2.0284,1.3772742,2.0200796,2.7822034,0,66,2,2,1,5,2,8,3,4,3,2,4,2,23,4,1
"ESS1e06_7",1,"6.7","23.11.2023",1605,"ES",0.8809,0.8632533,2.0200796,1.7438403,1,66,2,1,3,5,2,2,3,4,3,4,8,2,69,1,2
"ESS1e06_7",1,"6.7","23.11.2023",1608,"ES",0.8809,0.48198718,2.0200796,0.9736525,1,66,2,1,1,5,2,2,3,3,4,5,3,1,45,4,2
"ESS1e06_7",1,"6.7","23.11.2023",1611,"ES",0.4405,0.3832305,2.0200796,0.77415615,3,66,2,2,3,6,2,4,4,2,3,0,2,1,67,1,2
"ESS1e06_7",1,"6.7","23.11.2023",1612,"ES",1.3214,1.6145205,2.0200796,3.26146,1,66,2,1,1,5,2,8,8,3,8,88,3,2,16,2,2
"ESS1e06_7",1,"6.7","23.11.2023",1613,"ES",0.8809,0.76637405,2.0200796,1.5481366,1,66,2,1,2,5,2,8,3,3,4,4,3,1,66,1,2
"ESS1e06_7",1,"6.7","23.11.2023",1617,"ES",1.2038,1.1796848,2.0200796,2.383057,1,66,2,1,4,9,2,3,3,2,3,88,8,2,68,1,3
"ESS1e06_7",1,"6.7","23.11.2023",1619,"ES",3.6115,4.0259333,2.0200796,8.132706,1,1,2,1,3,3,2,3,2,8,3,88,4,2,23,2,2
"ESS1e06_7",1,"6.7","23.11.2023",1622,"ES",1.2038,1.0472938,2.0200796,2.1156168,1,66,2,1,4,5,2,3,8,2,3,7,3,1,69,1,3
"ESS1e06_7",1,"6.7","23.11.2023",1623,"ES",1.8058,2.4951408,2.0200796,5.040383,2,66,2,2,3,88,2,3,3,2,3,6,5,1,45,1,2
"ESS1e06_7",1,"6.7","23.11.2023",1624,"ES",3.6115,4.0259333,2.0200796,8.132706,1,66,2,1,2,5,2,1,1,3,4,8,5,2,34,2,2
"ESS1e06_7",1,"6.7","23.11.2023",1629,"ES",0.9449,1.1498666,2.0200796,2.322822,1,66,2,1,3,5,2,3,3,4,8,5,3,2,65,1,2
"ESS1e06_7",1,"6.7","23.11.2023",1630,"ES",0.9449,1.0208219,2.0200796,2.0621417,2,66,2,1,1,7,2,3,3,2,1,88,8,1,79,1,2
"ESS1e06_7",1,"6.7","23.11.2023",1636,"ES",0.717,1.0878736,2.0200796,2.1975913,1,1,2,1,2,0,2,2,3,3,2,88,4,2,33,1,1
"ESS1e06_7",1,"6.7","23.11.2023",1639,"ES",0.717,0.77461034,2.0200796,1.5647745,1,1,1,1,3,0,2,3,3,2,1,2,4,1,58,1,1
"ESS1e06_7",1,"6.7","23.11.2023",1640,"ES",0.717,0.77461034,2.0200796,1.5647745,2,2,2,2,2,5,2,3,3,3,2,3,4,1,79,1,2
"ESS1e06_7",1,"6.7","23.11.2023",1641,"ES",0.717,0.8725308,2.0200796,1.7625817,2,2,2,2,2,6,2,2,2,3,2,88,8,2,61,1,2
"ESS1e06_7",1,"6.7","23.11.2023",1649,"ES",1,1.5201865,2.0200796,3.0708978,3,2,2,2,1,6,2,1,1,3,8,2,4,2,25,5,3
"ESS1e06_7",1,"6.7","23.11.2023",1650,"ES",0.6667,0.39430597,2.0200796,0.7965295,2,0,2,3,1,0,2,2,2,4,2,88,4,2,37,3,2
"ESS1e06_7",1,"6.7","23.11.2023",1651,"ES",1.3334,1.6226395,2.0200796,3.277861,2,2,1,1,3,6,2,3,3,3,2,88,3,2,55,1,2
"ESS1e06_7",1,"6.7","23.11.2023",1652,"ES",0.6667,0.81131977,2.0200796,1.6389306,1,1,2,3,4,6,2,2,2,4,1,1,3,2,77,1,2
"ESS1e06_7",1,"6.7","23.11.2023",1653,"ES",1,0.5914294,2.0200796,1.1947345,3,1,2,3,2,3,2,3,3,4,2,4,4,2,41,3,3
"ESS1e06_7",1,"6.7","23.11.2023",1654,"ES",1,1.7158345,2.0200796,3.4661224,66,2,2,2,2,2,2,4,4,1,2,88,2,1,47,1,2
"ESS1e06_7",1,"6.7","23.11.2023",1655,"ES",1,0.6794521,2.0200796,1.3725474,2,2,2,2,2,0,2,2,2,3,3,5,4,1,52,3,2
"ESS1e06_7",1,"6.7","23.11.2023",1657,"ES",0.3927,0.82803065,2.0200796,1.6726878,4,4,2,1,1,0,2,1,1,4,3,3,4,1,31,5,2
"ESS1e06_7",1,"6.7","23.11.2023",1658,"ES",1.1781,1.433652,2.0200796,2.8960912,3,66,1,3,2,8,2,2,3,2,2,2,2,2,62,1,2
"ESS1e06_7",1,"6.7","23.11.2023",1660,"ES",0.7854,0.8485063,2.0200796,1.7140502,6,66,2,3,4,7,2,1,1,3,3,3,4,1,77,1,1
"ESS1e06_7",1,"6.7","23.11.2023",1662,"ES",0.7854,0.8609948,2.0200796,1.7392781,2,1,2,2,2,8,2,3,3,4,2,5,4,1,70,5,1
"ESS1e06_7",1,"6.7","23.11.2023",1663,"ES",0.7854,0.8485063,2.0200796,1.7140502,2,1,1,3,2,9,2,1,1,3,3,0,4,1,75,1,4
"ESS1e06_7",1,"6.7","23.11.2023",1665,"ES",0.7854,1.1939545,2.0200796,2.411883,2,1,2,2,1,2,2,3,3,3,2,3,4,2,29,5,2
"ESS1e06_7",1,"6.7","23.11.2023",1666,"ES",0.3927,0.26538268,2.0200796,0.5360941,3,2,2,2,2,3,2,2,3,3,2,3,4,1,32,3,2
"ESS1e06_7",1,"6.7","23.11.2023",1671,"ES",0.7592,0.80952257,2.0200796,1.6353,1,1,2,1,2,1,2,2,2,2,1,5,5,2,39,5,1
"ESS1e06_7",1,"6.7","23.11.2023",1673,"ES",0.3796,0.46194237,2.0200796,0.93316036,1,0,2,2,3,5,2,3,3,3,2,88,8,2,56,1,4
"ESS1e06_7",1,"6.7","23.11.2023",1678,"ES",3.4163,4.0259333,2.0200796,8.132706,88,66,1,2,2,8,1,8,8,2,8,88,8,1,30,1,4
"ESS1e06_7",1,"6.7","23.11.2023",1679,"ES",0.8494,1.0336509,2.0200796,2.088057,5,66,2,3,3,5,2,2,2,2,8,2,3,2,61,1,2
"ESS1e06_7",1,"6.7","23.11.2023",1680,"ES",0.8494,1.4574298,2.0200796,2.9441242,2,66,2,2,2,6,2,2,3,2,2,3,3,1,52,1,2
"ESS1e06_7",1,"6.7","23.11.2023",1681,"ES",0.8494,0.9176486,2.0200796,1.8537233,3,66,2,1,2,5,2,2,3,2,1,88,2,1,72,1,2
"ESS1e06_7",1,"6.7","23.11.2023",1683,"ES",0.4247,0.4588243,2.0200796,0.92686164,2,1,2,2,2,7,2,2,3,2,2,2,3,1,64,1,2
"ESS1e06_7",1,"6.7","23.11.2023",1685,"ES",0.8494,1.0336509,2.0200796,2.088057,1,66,1,1,2,9,2,3,3,2,1,5,3,2,61,1,2
"ESS1e06_7",1,"6.7","23.11.2023",1690,"ES",0.2401,0.25939184,2.0200796,0.5239922,88,66,2,1,5,7,2,3,3,3,2,3,3,1,82,1,2
"ESS1e06_7",1,"6.7","23.11.2023",1695,"ES",0.3601,0.38903373,2.0200796,0.78587914,4,66,2,1,4,3,2,3,3,3,2,3,3,1,65,1,2
"ESS1e06_7",1,"6.7","23.11.2023",1698,"ES",0.12,0.1296419,2.0200796,0.26188698,4,1,2,2,4,5,2,3,3,2,1,88,8,1,70,1,2
"ESS1e06_7",1,"6.7","23.11.2023",1700,"ES",0.3948,0.40121293,2.0200796,0.8104821,1,66,2,4,4,2,2,2,2,8,8,88,8,2,83,1,2
"ESS1e06_7",1,"6.7","23.11.2023",1703,"ES",1.1844,1.2036388,2.0200796,2.431446,1,66,2,2,4,4,2,3,3,2,3,4,2,2,86,1,2
"ESS1e06_7",1,"6.7","23.11.2023",1705,"ES",0.7896,0.55598116,2.0200796,1.1231261,6,1,1,4,1,5,2,1,1,2,4,5,2,2,15,3,2
"ESS1e06_7",1,"6.7","23.11.2023",1707,"ES",1.974,1.8583966,2.0200796,3.7541091,3,66,2,1,2,5,2,3,3,2,2,88,2,2,53,1,2
"ESS1e06_7",1,"6.7","23.11.2023",1709,"ES",1.0441,1.270585,2.0200796,2.5666828,4,66,1,3,3,3,2,3,3,1,3,6,4,2,70,2,2
"ESS1e06_7",1,"6.7","23.11.2023",1710,"ES",1.0441,1.270585,2.0200796,2.5666828,1,66,2,2,2,6,2,2,2,2,3,5,4,2,58,2,3
"ESS1e06_7",1,"6.7","23.11.2023",1711,"ES",1.0441,1.1279926,2.0200796,2.278635,2,66,2,2,3,6,2,3,3,3,3,5,3,1,67,2,2
"ESS1e06_7",1,"6.7","23.11.2023",1713,"ES",1.5661,1.765528,2.0200796,3.566507,4,2,1,3,2,5,2,2,3,3,4,3,3,2,35,2,2
"ESS1e06_7",1,"6.7","23.11.2023",1714,"ES",1.0441,1.1133068,2.0200796,2.2489684,2,1,2,2,2,7,2,1,2,2,4,7,3,2,43,5,1
"ESS1e06_7",1,"6.7","23.11.2023",1722,"ES",1.4279,0.96496034,2.0200796,1.9492967,1,1,2,2,3,3,2,2,2,4,3,88,5,1,25,4,2
"ESS1e06_7",1,"6.7","23.11.2023",1723,"ES",0.476,0.40135044,2.0200796,0.81075984,2,66,1,3,3,7,2,2,2,1,2,9,3,2,34,3,2
"ESS1e06_7",1,"6.7","23.11.2023",1726,"ES",0.9519,1.158385,2.0200796,2.34003,3,1,1,3,4,6,2,3,3,2,1,1,2,2,69,1,2
"ESS1e06_7",1,"6.7","23.11.2023",1729,"ES",0.9519,1.0283844,2.0200796,2.0774186,6,1,2,2,2,0,2,3,3,4,1,7,3,1,67,1,1
"ESS1e06_7",1,"6.7","23.11.2023",1730,"ES",1.4279,0.96496034,2.0200796,1.9492967,6,1,1,3,2,7,1,1,2,3,3,6,4,1,20,3,1
"ESS1e06_7",1,"6.7","23.11.2023",1733,"ES",2.0138,1.7544732,2.0200796,3.5441756,2,66,2,2,2,3,2,8,8,2,8,88,3,2,37,2,1
"ESS1e06_7",1,"6.7","23.11.2023",1735,"ES",1.6111,1.0498194,2.0200796,2.1207187,2,1,1,2,2,3,2,8,8,1,3,88,4,2,18,3,2
"ESS1e06_7",1,"6.7","23.11.2023",1736,"ES",0.8055,1.0681106,2.0200796,2.1576684,3,66,2,2,4,2,8,8,8,3,3,88,8,1,43,1,3
"ESS1e06_7",1,"6.7","23.11.2023",1737,"ES",1.2083,1.0088212,2.0200796,2.0378993,0,66,2,2,4,8,2,2,3,2,2,88,3,1,71,1,3
"ESS1e06_7",1,"6.7","23.11.2023",1738,"ES",1.2083,1.0088212,2.0200796,2.0378993,2,1,2,2,2,3,2,8,8,2,3,88,3,1,55,1,2
"ESS1e06_7",1,"6.7","23.11.2023",1739,"ES",0.8055,1.0681106,2.0200796,2.1576684,3,66,1,1,4,5,2,8,8,2,8,88,8,1,52,1,2
"ESS1e06_7",1,"6.7","23.11.2023",1740,"ES",0.4028,0.5341216,2.0200796,1.078968,88,1,2,1,3,3,2,8,8,3,8,88,8,1,52,1,4
"ESS1e06_7",1,"6.7","23.11.2023",1741,"ES",1.578,1.8502975,2.0200796,3.7377481,1,1,2,1,2,3,2,8,8,1,3,88,5,2,26,2,2
"ESS1e06_7",1,"6.7","23.11.2023",1742,"ES",1.1835,1.1130255,2.0200796,2.2484002,4,66,2,1,2,7,2,8,8,2,1,88,3,2,64,1,2
"ESS1e06_7",1,"6.7","23.11.2023",1743,"ES",2.3671,1.9763144,2.0200796,3.9923124,2,1,1,1,2,5,2,8,8,2,2,88,3,1,84,1,2
"ESS1e06_7",1,"6.7","23.11.2023",1744,"ES",1.578,1.4840341,2.0200796,2.9978669,3,66,2,2,5,8,2,8,8,8,8,88,8,2,66,1,3
"ESS1e06_7",1,"6.7","23.11.2023",1745,"ES",0.3945,0.3293718,2.0200796,0.6653573,3,66,2,1,2,5,2,8,8,8,8,88,8,1,57,1,4
"ESS1e06_7",1,"6.7","23.11.2023",1746,"ES",0.789,0.6587436,2.0200796,1.3307146,2,66,2,1,2,5,2,3,3,1,2,88,8,1,74,1,3
"ESS1e06_7",1,"6.7","23.11.2023",1747,"ES",1.578,1.4840341,2.0200796,2.9978669,2,66,1,1,2,5,2,8,8,8,8,88,8,2,66,1,2
"ESS1e06_7",1,"6.7","23.11.2023",1748,"ES",1.9725,2.615578,2.0200796,5.2836757,2,66,2,1,1,4,2,8,8,3,1,88,3,1,39,1,2
"ESS1e06_7",1,"6.7","23.11.2023",1749,"ES",0.3945,0.5231156,2.0200796,1.0567352,1,66,2,1,4,5,2,8,8,8,8,88,8,1,50,1,4
"ESS1e06_7",1,"6.7","23.11.2023",1750,"ES",1.1835,1.0310949,2.0200796,2.0828938,1,1,2,2,2,5,2,8,8,2,8,88,3,2,42,1,2
"ESS1e06_7",1,"6.7","23.11.2023",1751,"ES",1.3657,0.71325076,2.0200796,1.4408233,2,1,2,2,2,1,2,8,8,1,3,88,3,1,19,3,2
"ESS1e06_7",1,"6.7","23.11.2023",1753,"ES",1.3657,0.624214,2.0200796,1.260962,2,1,2,2,1,0,2,1,1,4,3,5,4,2,45,3,2
"ESS1e06_7",1,"6.7","23.11.2023",1754,"ES",1.3657,1.140236,2.0200796,2.3033676,1,2,2,2,2,4,2,3,3,1,3,88,3,1,61,1,2
"ESS1e06_7",1,"6.7","23.11.2023",1755,"ES",0.9105,0.7601851,2.0200796,1.5356345,3,66,1,3,2,7,2,3,3,8,8,3,3,1,77,1,2
"ESS1e06_7",1,"6.7","23.11.2023",1758,"ES",0.4552,0.549075,2.0200796,1.1091752,2,1,2,2,2,3,2,8,8,4,3,5,8,1,34,2,2
"ESS1e06_7",1,"6.7","23.11.2023",1759,"ES",1.3657,1.810948,2.0200796,3.6582592,2,1,2,2,2,2,2,2,2,2,2,88,8,1,41,1,2
"ESS1e06_7",1,"6.7","23.11.2023",1765,"ES",1.0957,1.4232898,2.0200796,2.8751585,2,1,1,3,2,0,2,2,2,3,3,2,4,1,18,2,1
"ESS1e06_7",1,"6.7","23.11.2023",1767,"ES",0.7305,0.6567981,2.0200796,1.3267845,2,66,2,2,3,6,2,4,3,2,2,7,2,1,64,1,2
"ESS1e06_7",1,"6.7","23.11.2023",1768,"ES",1.0957,1.0280029,2.0200796,2.0766475,3,66,1,3,2,3,2,4,2,2,4,5,4,2,54,2,2
"ESS1e06_7",1,"6.7","23.11.2023",1769,"ES",1.0957,0.98515224,2.0200796,1.990086,3,77,2,2,2,6,2,3,3,2,8,88,3,1,67,1,2
"ESS1e06_7",1,"6.7","23.11.2023",1770,"ES",0.7305,0.73982567,2.0200796,1.4945067,4,66,2,3,3,7,2,3,3,2,2,88,2,2,62,1,2
"ESS1e06_7",1,"6.7","23.11.2023",1775,"ES",0.8392,0.8499133,2.0200796,1.7168925,2,2,2,4,3,8,2,3,3,4,4,5,8,2,62,2,2
"ESS1e06_7",1,"6.7","23.11.2023",1776,"ES",1.6784,1.1777682,2.0200796,2.3791857,2,66,2,4,2,5,2,2,2,8,8,88,3,2,24,3,2
"ESS1e06_7",1,"6.7","23.11.2023",1777,"ES",0.8392,1.1983631,2.0200796,2.4207888,2,66,1,3,4,9,2,3,3,2,4,9,2,1,48,1,2
"ESS1e06_7",1,"6.7","23.11.2023",1778,"ES",2.098,1.179953,2.0200796,2.383599,2,1,1,3,2,3,2,3,3,3,2,2,3,1,25,4,2
"ESS1e06_7",1,"6.7","23.11.2023",1780,"ES",1.6784,2.1234396,2.0200796,4.289517,2,3,2,2,2,0,2,1,1,5,4,7,5,2,23,5,2
"ESS1e06_7",1,"6.7","23.11.2023",1781,"ES",0.8392,0.47453898,2.0200796,0.95860654,2,1,2,2,3,2,2,1,1,4,4,8,5,1,42,3,2
"ESS1e06_7",1,"6.7","23.11.2023",1782,"ES",0.8392,0.78735054,2.0200796,1.5905107,2,66,2,2,1,7,2,4,2,2,4,88,2,2,44,2,2
"ESS1e06_7",1,"6.7","23.11.2023",1783,"ES",2.8595,2.6828275,2.0200796,5.419525,2,1,1,3,3,7,2,3,3,1,2,5,3,2,42,2,2
"ESS1e06_7",1,"6.7","23.11.2023",1784,"ES",1.2255,1.1497833,2.0200796,2.3226538,1,1,2,3,2,8,2,2,2,2,1,7,3,2,45,2,1
"ESS1e06_7",1,"6.7","23.11.2023",1787,"ES",1.2255,1.5918971,2.0200796,3.215759,0,66,1,3,3,3,2,8,3,1,1,10,3,1,16,2,2
"ESS1e06_7",1,"6.7","23.11.2023",1790,"ES",1.2255,0.7071345,2.0200796,1.428468,3,66,2,8,2,6,2,1,3,2,2,9,3,1,55,3,2
"ESS1e06_7",1,"6.7","23.11.2023",1795,"ES",1.9512,1.8306463,2.0200796,3.6980512,1,1,2,2,3,6,2,3,3,2,1,5,4,2,49,2,1
"ESS1e06_7",1,"6.7","23.11.2023",1796,"ES",0.3902,0.39518133,2.0200796,0.79829776,1,66,2,4,2,8,2,8,8,1,1,9,2,2,69,1,2
"ESS1e06_7",1,"6.7","23.11.2023",1797,"ES",1.9512,1.9761093,2.0200796,3.991898,2,1,1,3,2,6,2,3,3,4,2,7,4,2,57,1,1
"ESS1e06_7",1,"6.7","23.11.2023",1798,"ES",1.561,2.027704,2.0200796,4.0961237,1,66,2,3,2,6,2,8,3,1,1,1,2,1,19,2,2
"ESS1e06_7",1,"6.7","23.11.2023",1799,"ES",0.7805,0.70175356,2.0200796,1.417598,4,1,2,2,3,2,2,2,2,4,2,6,4,1,81,1,2
"ESS1e06_7",1,"6.7","23.11.2023",1800,"ES",0.7805,0.6926171,2.0200796,1.3991417,66,3,2,2,2,5,1,2,2,5,1,10,5,2,38,5,3
"ESS1e06_7",1,"6.7","23.11.2023",1801,"ES",0.7805,0.70175356,2.0200796,1.417598,2,66,2,3,3,9,2,3,4,1,1,1,1,1,77,1,2
"ESS1e06_7",1,"6.7","23.11.2023",1802,"ES",0.3902,0.39518133,2.0200796,0.79829776,1,66,2,4,4,10,2,8,3,1,1,88,8,2,65,1,4
"ESS1e06_7",1,"6.7","23.11.2023",1804,"ES",0.8003,0.8105167,2.0200796,1.6373082,2,66,2,3,3,8,2,8,8,1,1,10,3,2,76,1,2
"ESS1e06_7",1,"6.7","23.11.2023",1806,"ES",0.8003,0.71955585,2.0200796,1.4535601,0,66,2,3,5,8,2,8,8,1,1,88,8,1,72,1,1
"ESS1e06_7",1,"6.7","23.11.2023",1808,"ES",0.8003,0.9535054,2.0200796,1.9261568,1,1,2,4,1,8,2,3,3,2,1,8,4,1,45,5,1
"ESS1e06_7",1,"6.7","23.11.2023",1809,"ES",1.2004,1.5157682,2.0200796,3.0619724,0,1,2,4,2,2,2,2,2,5,3,9,5,2,21,2,2
"ESS1e06_7",1,"6.7","23.11.2023",1812,"ES",0.8003,1.0105542,2.0200796,2.0414,3,66,2,3,2,7,2,3,3,2,1,9,3,2,34,2,3
"ESS1e06_7",1,"6.7","23.11.2023",1813,"ES",0.7994,0.45203343,2.0200796,0.9131435,1,66,1,2,2,2,2,8,8,4,2,8,5,1,35,4,1
"ESS1e06_7",1,"6.7","23.11.2023",1814,"ES",1.5989,2.0228596,2.0200796,4.0863376,3,1,2,2,2,3,1,2,2,4,2,7,8,2,31,5,1
"ESS1e06_7",1,"6.7","23.11.2023",1815,"ES",0.7994,0.44959694,2.0200796,0.9082216,3,1,1,3,2,2,2,3,3,4,2,6,4,1,32,3,1
"ESS1e06_7",1,"6.7","23.11.2023",1817,"ES",1.5989,1.1219814,2.0200796,2.2664917,3,1,1,2,2,5,1,2,2,2,3,8,4,2,23,3,3
"ESS1e06_7",1,"6.7","23.11.2023",1821,"ES",0.3997,0.40480262,2.0200796,0.8177335,2,3,2,2,3,8,2,3,3,4,1,6,4,2,79,1,1
"ESS1e06_7",1,"6.7","23.11.2023",1822,"ES",0.7994,1.0094178,2.0200796,2.0391042,2,66,1,3,2,3,2,3,3,2,3,7,5,2,21,2,2
"ESS1e06_7",1,"6.7","23.11.2023",1823,"ES",1.4683,1.377582,2.0200796,2.7828252,1,66,2,4,3,5,2,3,4,1,1,88,1,2,47,1,4
"ESS1e06_7",1,"6.7","23.11.2023",1824,"ES",0.7341,0.51513326,2.0200796,1.0406102,1,1,2,4,3,7,2,8,3,2,1,8,8,2,32,3,2
"ESS1e06_7",1,"6.7","23.11.2023",1825,"ES",0.3671,0.20646365,2.0200796,0.417073,2,1,1,1,2,5,2,1,8,2,2,7,4,1,25,3,1
"ESS1e06_7",1,"6.7","23.11.2023",1826,"ES",1.8353,1.2878681,2.0200796,2.601596,1,66,2,2,1,2,1,3,3,1,1,10,3,2,20,3,3
"ESS1e06_7",1,"6.7","23.11.2023",1827,"ES",0.7341,1.048282,2.0200796,2.117613,1,1,2,2,2,3,2,3,3,4,2,7,4,1,41,2,2
"ESS1e06_7",1,"6.7","23.11.2023",1833,"ES",1.0728,1.3935432,2.0200796,2.8150682,1,66,2,4,2,5,2,3,3,8,1,10,4,1,18,2,3
"ESS1e06_7",1,"6.7","23.11.2023",1834,"ES",1.0728,1.3935432,2.0200796,2.8150682,1,1,1,4,3,3,2,8,4,1,1,2,1,1,19,2,2
"ESS1e06_7",1,"6.7","23.11.2023",1836,"ES",0.7152,0.7243303,2.0200796,1.4632049,2,66,2,4,3,7,2,4,4,1,1,3,1,2,80,1,2
"ESS1e06_7",1,"6.7","23.11.2023",1838,"ES",1.0728,1.2781714,2.0200796,2.5820081,2,1,2,3,2,7,2,2,3,3,1,9,5,1,44,5,2
"ESS1e06_7",1,"6.7","23.11.2023",1839,"ES",0.7152,0.6430418,2.0200796,1.2989956,1,1,2,4,2,7,2,2,2,3,1,9,5,1,70,1,2
"ESS1e06_7",1,"6.7","23.11.2023",1840,"ES",1.0728,1.5319397,2.0200796,3.0946403,2,1,2,3,2,5,2,3,3,4,3,5,5,1,50,1,1
"ESS1e06_7",1,"6.7","23.11.2023",1841,"ES",0.3576,0.36216515,2.0200796,0.73160243,3,66,2,4,4,9,2,2,3,1,1,8,3,2,73,1,3
"ESS1e06_7",1,"6.7","23.11.2023",1843,"ES",1.0054,1.4356937,2.0200796,2.9002156,1,0,1,2,2,5,2,4,4,2,1,8,3,1,42,2,2
"ESS1e06_7",1,"6.7","23.11.2023",1844,"ES",0.6703,0.6288859,2.0200796,1.2703997,2,66,1,2,2,7,2,8,3,2,2,88,2,2,53,1,2
"ESS1e06_7",1,"6.7","23.11.2023",1845,"ES",0.6703,0.32992837,2.0200796,0.66648155,3,1,1,3,3,3,2,2,2,2,2,5,3,2,37,3,3
"ESS1e06_7",1,"6.7","23.11.2023",1846,"ES",0.6703,0.37698877,2.0200796,0.7615473,1,66,2,2,3,0,2,2,2,2,4,2,3,1,28,3,2
"ESS1e06_7",1,"6.7","23.11.2023",1847,"ES",0.6703,1.1762573,2.0200796,2.3761332,1,1,1,1,2,1,2,2,2,4,4,2,4,1,24,5,1
"ESS1e06_7",1,"6.7","23.11.2023",1848,"ES",0.6703,0.67885715,2.0200796,1.3713455,2,66,2,3,4,6,2,4,4,2,2,3,2,2,63,1,2
"ESS1e06_7",1,"6.7","23.11.2023",1849,"ES",1.0054,0.943282,2.0200796,1.9055047,3,1,2,3,2,6,2,3,3,2,2,88,3,2,52,1,2
"ESS1e06_7",1,"6.7","23.11.2023",1850,"ES",0.6703,0.47036344,2.0200796,0.9501716,1,66,2,2,1,5,2,2,2,2,2,1,8,2,34,3,3
"ESS1e06_7",1,"6.7","23.11.2023",1851,"ES",0.6703,0.37903178,2.0200796,0.76567435,2,1,2,3,1,2,2,2,2,2,2,3,4,1,39,3,2
"ESS1e06_7",1,"6.7","23.11.2023",1852,"ES",0.6703,0.8707047,2.0200796,1.7588929,2,3,2,3,4,2,2,1,1,2,2,0,2,1,32,2,2
"ESS1e06_7",1,"6.7","23.11.2023",1854,"ES",0.7369,0.7463073,2.0200796,1.5076002,2,2,2,3,2,7,2,3,2,2,1,3,2,2,61,1,1
"ESS1e06_7",1,"6.7","23.11.2023",1856,"ES",0.7369,0.6625524,2.0200796,1.3384086,3,1,2,3,2,4,2,2,2,2,3,7,4,1,65,1,2
"ESS1e06_7",1,"6.7","23.11.2023",1857,"ES",0.7369,0.7463073,2.0200796,1.5076002,7,66,1,4,5,5,2,2,3,2,1,6,2,2,67,1,2
"ESS1e06_7",1,"6.7","23.11.2023",1859,"ES",1.1053,0.5440397,2.0200796,1.0990036,3,2,1,2,2,7,2,3,1,3,2,3,4,2,42,3,1
"ESS1e06_7",1,"6.7","23.11.2023",1861,"ES",1.1053,0.775612,2.0200796,1.566798,2,1,2,2,2,9,2,4,1,4,2,5,4,2,28,3,2
"ESS1e06_7",1,"6.7","23.11.2023",1862,"ES",0.7369,1.0522804,2.0200796,2.1256902,7,1,2,2,3,5,7,3,3,1,1,3,2,1,38,2,2
"ESS1e06_7",1,"6.7","23.11.2023",1864,"ES",0.4421,0.55932593,2.0200796,1.1298829,1,66,2,2,2,0,2,8,8,3,4,3,5,2,29,5,2
"ESS1e06_7",1,"6.7","23.11.2023",1866,"ES",0.8841,1.1163701,2.0200796,2.2551565,1,3,1,4,2,10,2,8,8,2,1,8,2,2,23,2,2
"ESS1e06_7",1,"6.7","23.11.2023",1867,"ES",0.8841,0.7949011,2.0200796,1.6057634,3,66,2,4,3,0,2,2,2,1,1,8,3,1,83,2,2
"ESS1e06_7",1,"6.7","23.11.2023",1876,"ES",0.5116,0.47096696,2.0200796,0.95139074,66,3,2,2,2,6,2,3,3,3,1,8,3,2,56,5,3
"ESS1e06_7",1,"6.7","23.11.2023",1880,"ES",2.0462,2.0653143,2.0200796,4.172099,2,1,1,3,3,5,2,2,2,1,2,3,2,2,999,3,2
"ESS1e06_7",1,"6.7","23.11.2023",1883,"ES",0.5116,0.89776695,2.0200796,1.8135607,4,0,2,1,3,2,2,3,3,5,3,6,5,1,22,5,2
"ESS1e06_7",1,"6.7","23.11.2023",1885,"ES",1.5347,1.5490363,2.0200796,3.1291766,2,0,1,3,3,5,2,2,2,1,2,3,2,1,999,3,8
"ESS1e06_7",1,"6.7","23.11.2023",1887,"ES",0.4414,0.5584403,2.0200796,1.128094,2,2,2,2,2,0,2,1,1,5,4,7,3,2,22,5,1
"ESS1e06_7",1,"6.7","23.11.2023",1890,"ES",0.8828,0.4965026,2.0200796,1.0029747,2,1,2,2,2,3,1,8,8,2,2,8,4,1,30,3,3
"ESS1e06_7",1,"6.7","23.11.2023",1891,"ES",0.8828,0.6194791,2.0200796,1.2513971,0,66,1,3,1,0,2,2,2,1,3,10,4,2,25,4,2
"ESS1e06_7",1,"6.7","23.11.2023",1892,"ES",0.4414,0.21726151,2.0200796,0.43888554,1,1,2,3,1,5,2,1,1,3,3,7,5,2,36,4,2
"ESS1e06_7",1,"6.7","23.11.2023",1893,"ES",1.3242,1.3411049,2.0200796,2.7091386,3,1,2,4,3,6,2,3,3,1,1,8,2,2,80,1,2
"ESS1e06_7",1,"6.7","23.11.2023",1894,"ES",0.4414,0.63031155,2.0200796,1.2732795,2,66,1,2,3,2,2,3,3,1,3,8,3,1,36,2,3
"ESS1e06_7",1,"6.7","23.11.2023",1896,"ES",0.8828,0.43452302,2.0200796,0.8777711,2,1,2,4,3,7,2,3,3,2,1,1,5,2,43,4,2
"ESS1e06_7",1,"6.7","23.11.2023",1898,"ES",0.4414,0.25469536,2.0200796,0.5145049,4,3,1,4,3,4,2,1,2,3,1,5,5,1,78,3,4
"ESS1e06_7",1,"6.7","23.11.2023",1899,"ES",0.9061,0.5228352,2.0200796,1.0561687,7,66,2,2,5,4,2,2,3,4,1,5,5,1,81,3,3
"ESS1e06_7",1,"6.7","23.11.2023",1900,"ES",0.9061,0.8266722,2.0200796,1.6699437,1,2,2,2,2,0,2,2,2,2,2,8,4,1,60,5,1
"ESS1e06_7",1,"6.7","23.11.2023",1909,"ES",1.3592,1.7196014,2.0200796,3.4737318,2,1,1,3,2,5,2,2,2,2,1,4,5,2,32,5,2
"ESS1e06_7",1,"6.7","23.11.2023",1911,"ES",1.2698,0.6199248,2.0200796,1.2522974,3,4,2,2,3,7,2,2,2,5,5,8,3,2,72,3,1
"ESS1e06_7",1,"6.7","23.11.2023",1914,"ES",0.8465,1.4854568,2.0200796,3.000741,2,3,1,2,2,0,2,8,8,1,3,8,5,1,33,5,2
"ESS1e06_7",1,"6.7","23.11.2023",1916,"ES",0.8465,0.41326693,2.0200796,0.8348321,7,2,2,3,3,3,2,2,1,2,1,8,5,2,56,3,1
"ESS1e06_7",1,"6.7","23.11.2023",1918,"ES",0.8465,0.47608683,2.0200796,0.9617333,2,1,2,1,1,0,2,2,2,3,4,6,5,1,23,3,2
"ESS1e06_7",1,"6.7","23.11.2023",1919,"ES",2.1163,1.9027816,2.0200796,3.8437703,3,1,1,4,2,6,2,1,1,1,1,88,8,1,66,2,2
"ESS1e06_7",1,"6.7","23.11.2023",1922,"ES",0.8465,0.853905,2.0200796,1.7249562,1,1,2,2,2,6,2,2,1,2,8,88,3,2,999,5,2
"ESS1e06_7",1,"6.7","23.11.2023",1923,"ES",0.4524,0.4581754,2.0200796,0.92555076,4,0,2,3,2,7,2,3,2,2,8,88,2,2,82,1,2
"ESS1e06_7",1,"6.7","23.11.2023",1925,"ES",1.3571,1.204293,2.0200796,2.4327679,3,2,2,2,3,5,2,8,8,2,3,5,3,2,39,5,2
"ESS1e06_7",1,"6.7","23.11.2023",1926,"ES",1.3571,1.7169446,2.0200796,3.4683647,2,2,2,1,1,9,2,1,1,4,4,1,4,2,34,5,2
"ESS1e06_7",1,"6.7","23.11.2023",1927,"ES",1.3571,1.2732525,2.0200796,2.5720713,6,2,2,3,2,5,2,3,3,2,2,4,4,2,37,2,3
"ESS1e06_7",1,"6.7","23.11.2023",1941,"ES",0.691,0.986736,2.0200796,1.9932853,3,3,2,3,3,1,2,3,3,2,2,7,8,1,42,1,2
"ESS1e06_7",1,"6.7","23.11.2023",1942,"ES",0.691,0.8232816,2.0200796,1.6630944,2,2,2,2,2,1,1,1,1,4,5,7,5,1,53,5,1
"ESS1e06_7",1,"6.7","23.11.2023",1943,"ES",0.691,0.3373508,2.0200796,0.68147546,6,2,1,4,3,7,7,3,3,2,2,88,2,2,75,3,2
"ESS1e06_7",1,"6.7","23.11.2023",1946,"ES",1.0365,0.94564146,2.0200796,1.910271,4,3,2,8,2,0,2,3,1,2,5,1,4,1,71,5,2
"ESS1e06_7",1,"6.7","23.11.2023",1950,"ES",0.8942,0.90561545,2.0200796,1.8294153,1,66,2,4,4,7,2,3,4,1,1,7,3,2,73,1,3
"ESS1e06_7",1,"6.7","23.11.2023",1952,"ES",1.7883,1.0112226,2.0200796,2.0427501,1,66,2,2,1,6,2,3,3,2,2,3,3,1,36,3,2
"ESS1e06_7",1,"6.7","23.11.2023",1953,"ES",0.8942,1.1313034,2.0200796,2.285323,1,66,2,2,2,9,2,2,3,3,1,88,2,2,34,5,2
"ESS1e06_7",1,"6.7","23.11.2023",1955,"ES",0.4471,0.41158977,2.0200796,0.8314441,2,2,2,4,4,4,2,3,3,1,1,2,4,2,59,5,4
"ESS1e06_7",1,"6.7","23.11.2023",1958,"ES",0.8942,1.2769021,2.0200796,2.579444,1,5,2,2,2,3,2,8,4,1,1,88,2,1,37,2,2
"ESS1e06_7",1,"6.7","23.11.2023",1959,"ES",0.9081,0.63723266,2.0200796,1.2872607,1,66,2,2,2,7,2,3,3,2,2,4,2,2,29,3,2
"ESS1e06_7",1,"6.7","23.11.2023",1960,"ES",0.454,0.57327455,2.0200796,1.1580602,1,66,2,1,3,7,2,2,2,4,3,5,5,2,34,2,2
"ESS1e06_7",1,"6.7","23.11.2023",1961,"ES",1.3621,0.6704393,2.0200796,1.3543408,1,66,2,8,2,7,2,8,8,2,1,88,4,2,53,3,1
"ESS1e06_7",1,"6.7","23.11.2023",1962,"ES",1.3621,1.6228536,2.0200796,3.2782936,2,1,2,2,2,7,2,3,3,2,2,3,1,1,36,5,1
"ESS1e06_7",1,"6.7","23.11.2023",1966,"ES",1.3621,1.2246746,2.0200796,2.4739401,3,1,2,2,2,6,2,3,8,3,2,88,2,1,59,2,2
"ESS1e06_7",1,"6.7","23.11.2023",1970,"ES",0.9081,0.51073176,2.0200796,1.0317189,2,1,2,2,1,7,2,3,3,2,2,4,1,1,30,4,2
"ESS1e06_7",1,"6.7","23.11.2023",1971,"ES",0.8839,0.79472125,2.0200796,1.6054002,6,6,1,2,4,4,2,3,3,4,2,7,4,1,77,2,2
"ESS1e06_7",1,"6.7","23.11.2023",1972,"ES",0.4419,0.44754133,2.0200796,0.9040691,3,1,1,3,2,5,2,2,2,8,8,88,4,2,69,1,2
"ESS1e06_7",1,"6.7","23.11.2023",1973,"ES",1.3258,1.7221845,2.0200796,3.4789498,2,1,1,2,2,4,2,3,3,4,8,3,4,1,16,2,1
"ESS1e06_7",1,"6.7","23.11.2023",1974,"ES",0.8839,0.895184,2.0200796,1.8083429,7,2,1,3,3,6,2,3,3,8,2,4,3,2,70,1,1
"ESS1e06_7",1,"6.7","23.11.2023",1979,"ES",0.8839,0.895184,2.0200796,1.8083429,3,66,2,3,4,5,2,1,1,4,3,7,4,2,71,2,2
"ESS1e06_7",1,"6.7","23.11.2023",1982,"ES",1.7677,2.296203,2.0200796,4.6385126,0,66,1,3,1,2,2,3,3,3,2,5,8,1,16,2,1
"ESS1e06_7",1,"6.7","23.11.2023",1985,"ES",0.7364,0.35951537,2.0200796,0.7262497,3,3,1,4,4,0,2,4,4,4,1,8,1,2,73,3,2
"ESS1e06_7",1,"6.7","23.11.2023",1990,"ES",1.4728,1.0334944,2.0200796,2.087741,1,1,1,3,2,3,2,2,2,2,8,9,5,2,21,3,1
"ESS1e06_7",1,"6.7","23.11.2023",1991,"ES",1.1046,1.0077718,2.0200796,2.0357795,2,1,1,3,4,6,2,2,2,4,1,9,4,1,70,5,2
"ESS1e06_7",1,"6.7","23.11.2023",1993,"ES",0.7364,1.292251,2.0200796,2.6104498,1,1,2,1,1,0,2,1,1,2,3,9,5,1,29,5,2
"ESS1e06_7",1,"6.7","23.11.2023",1995,"ES",1.641,0.9229279,2.0200796,1.8643879,2,0,1,2,2,4,2,3,3,3,3,7,3,1,34,3,2
"ESS1e06_7",1,"6.7","23.11.2023",1997,"ES",0.4102,0.41543666,2.0200796,0.8392151,2,66,1,8,2,5,2,3,3,3,8,3,4,2,62,2,2
"ESS1e06_7",1,"6.7","23.11.2023",1998,"ES",1.2307,0.6057629,2.0200796,1.2236893,2,2,2,3,4,3,2,3,3,2,1,2,3,2,39,4,2
"ESS1e06_7",1,"6.7","23.11.2023",1999,"ES",0.8205,0.7485758,2.0200796,1.5121827,4,2,1,3,3,4,7,3,3,3,8,6,5,1,72,5,1
"ESS1e06_7",1,"6.7","23.11.2023",2002,"ES",0.8205,0.40057355,2.0200796,0.80919045,2,1,1,3,3,6,2,3,3,4,3,7,3,2,65,3,1
"ESS1e06_7",1,"6.7","23.11.2023",2005,"ES",1.2307,0.6921678,2.0200796,1.3982341,2,0,1,2,2,7,1,2,2,4,8,9,5,1,15,3,1
"ESS1e06_7",1,"6.7","23.11.2023",2009,"ES",1.2832,1.6234494,2.0200796,3.2794971,1,2,1,3,2,3,2,3,3,3,1,7,3,2,33,5,1
"ESS1e06_7",1,"6.7","23.11.2023",2010,"ES",0.8555,0.7691866,2.0200796,1.5538182,2,1,1,3,3,2,2,3,3,3,3,6,3,1,69,2,3
"ESS1e06_7",1,"6.7","23.11.2023",2013,"ES",0.8555,0.75917226,2.0200796,1.5335884,2,1,1,2,3,3,2,2,2,3,8,5,4,2,41,5,2
"ESS1e06_7",1,"6.7","23.11.2023",2017,"ES",1.2832,1.1537349,2.0200796,2.3306365,3,0,1,4,3,6,2,8,8,3,8,3,8,1,66,2,1
"ESS1e06_7",1,"6.7","23.11.2023",2018,"ES",1.711,1.5383732,2.0200796,3.1076365,4,1,1,2,2,4,2,3,3,2,1,6,8,1,64,1,1
"ESS1e06_7",1,"6.7","23.11.2023",2019,"ES",2.2201,2.0829325,2.0200796,4.2076893,2,66,2,2,3,6,2,3,4,2,1,3,8,2,54,2,1
"ESS1e06_7",1,"6.7","23.11.2023",2021,"ES",1.3321,1.9022157,2.0200796,3.8426273,4,0,1,3,2,3,2,2,2,4,8,7,5,1,39,2,1
"ESS1e06_7",1,"6.7","23.11.2023",2024,"ES",0.888,0.7984076,2.0200796,1.612847,3,1,1,3,3,5,2,3,3,3,8,6,3,1,78,2,2
"ESS1e06_7",1,"6.7","23.11.2023",2025,"ES",0.888,0.7880128,2.0200796,1.5918486,1,0,1,2,2,5,2,2,2,4,8,8,5,2,42,5,1
"ESS1e06_7",1,"6.7","23.11.2023",2027,"ES",1.3321,1.3491057,2.0200796,2.725301,1,66,1,3,3,6,2,3,3,3,8,88,3,2,71,1,2
"ESS1e06_7",1,"6.7","23.11.2023",2030,"ES",1.3321,1.1977013,2.0200796,2.419452,3,2,1,4,2,4,2,2,2,4,8,8,4,1,69,2,1
"ESS1e06_7",1,"6.7","23.11.2023",2033,"ES",1.0567,0.52011836,2.0200796,1.0506805,2,2,2,2,1,3,2,8,8,1,1,10,1,2,37,4,2
"ESS1e06_7",1,"6.7","23.11.2023",2034,"ES",1.585,1.4870718,2.0200796,3.0040033,2,66,2,4,1,5,2,2,2,1,1,9,4,2,43,2,2
"ESS1e06_7",1,"6.7","23.11.2023",2035,"ES",1.0567,1.3726296,2.0200796,2.7728212,2,66,2,2,2,0,2,2,2,1,1,9,2,1,29,2,2
"ESS1e06_7",1,"6.7","23.11.2023",2039,"ES",1.0567,0.52011836,2.0200796,1.0506805,2,2,1,8,1,4,2,8,8,3,1,10,5,2,39,3,1
"ESS1e06_7",1,"6.7","23.11.2023",2040,"ES",2.1134,1.0402367,2.0200796,2.101361,3,1,1,4,1,4,2,8,8,1,3,8,4,2,48,3,1
"ESS1e06_7",1,"6.7","23.11.2023",2041,"ES",1.0567,0.5943071,2.0200796,1.2005477,3,1,1,2,3,0,7,3,3,1,1,10,2,1,30,4,2
"ESS1e06_7",1,"6.7","23.11.2023",2042,"ES",1.0567,0.5943071,2.0200796,1.2005477,5,1,2,2,2,0,2,1,1,5,4,8,5,1,33,3,2
"ESS1e06_7",1,"6.7","23.11.2023",2043,"ES",0.4113,0.4165507,2.0200796,0.8414656,2,66,2,4,3,4,2,8,8,1,1,8,4,2,77,2,3
"ESS1e06_7",1,"6.7","23.11.2023",2046,"ES",1.6451,2.8868577,2.0200796,5.8316827,1,66,2,1,2,0,2,3,3,2,3,8,4,1,21,5,2
"ESS1e06_7",1,"6.7","23.11.2023",2049,"ES",1.6451,0.92523384,2.0200796,1.869046,3,66,2,2,3,3,2,1,2,3,8,5,5,1,19,4,2
"ESS1e06_7",1,"6.7","23.11.2023",2050,"ES",0.8226,0.46264505,2.0200796,0.93457985,1,1,1,2,1,0,2,8,8,3,1,9,4,1,27,3,2
"ESS1e06_7",1,"6.7","23.11.2023",2055,"ES",1.5409,1.0812815,2.0200796,2.184275,1,2,1,3,3,0,2,2,1,4,4,3,4,2,20,3,1
"ESS1e06_7",1,"6.7","23.11.2023",2056,"ES",1.1557,1.0390987,2.0200796,2.0990622,2,2,2,3,3,6,2,3,3,3,1,4,1,1,59,1,2
"ESS1e06_7",1,"6.7","23.11.2023",2057,"ES",0.7705,0.9729252,2.0200796,1.9653864,1,0,1,3,3,4,2,4,1,2,2,2,2,2,34,1,3
"ESS1e06_7",1,"6.7","23.11.2023",2058,"ES",0.3852,0.3901175,2.0200796,0.7880684,3,66,1,4,5,7,2,2,2,2,8,88,8,2,77,1,2
"ESS1e06_7",1,"6.7","23.11.2023",2060,"ES",0.7705,1.1002606,2.0200796,2.222614,3,2,2,3,3,0,2,3,3,2,3,9,2,1,48,1,2
"ESS1e06_7",1,"6.7","23.11.2023",2062,"ES",1.5409,2.2003784,2.0200796,4.4449396,2,66,2,2,2,0,2,4,3,2,2,6,2,1,45,2,3
"ESS1e06_7",1,"6.7","23.11.2023",2063,"ES",0.7705,0.69276243,2.0200796,1.3994353,6,1,2,2,4,5,2,2,3,2,2,1,2,1,57,1,3
"ESS1e06_7",1,"6.7","23.11.2023",2064,"ES",0.7705,1.0008622,2.0200796,2.0218215,1,1,2,3,3,3,1,3,3,2,4,10,2,1,29,1,4
"ESS1e06_7",1,"6.7","23.11.2023",2065,"ES",1.1557,1.1704538,2.0200796,2.36441,3,66,2,2,3,6,2,8,8,2,2,88,8,2,77,1,2
"ESS1e06_7",1,"6.7","23.11.2023",2066,"ES",0.7705,0.69276243,2.0200796,1.3994353,2,1,2,2,3,5,2,4,4,2,2,7,2,1,60,1,2
"ESS1e06_7",1,"6.7","23.11.2023",2067,"ES",0.7359,0.66165334,2.0200796,1.3365924,4,2,2,2,3,6,2,3,2,2,2,7,4,1,71,1,3
"ESS1e06_7",1,"6.7","23.11.2023",2068,"ES",1.4717,1.380772,2.0200796,2.7892694,4,66,2,2,4,10,1,3,2,2,4,2,4,2,42,1,3
"ESS1e06_7",1,"6.7","23.11.2023",2069,"ES",0.7359,0.95591766,2.0200796,1.9310298,3,1,2,3,2,7,1,2,2,2,4,2,8,1,32,1,3
"ESS1e06_7",1,"6.7","23.11.2023",2070,"ES",0.7359,0.7452946,2.0200796,1.5055543,3,0,2,3,3,8,2,3,3,2,8,88,4,2,74,1,3
"ESS1e06_7",1,"6.7","23.11.2023",2071,"ES",0.7359,0.7452946,2.0200796,1.5055543,7,66,2,4,3,8,2,2,2,2,2,88,8,2,69,1,3
"ESS1e06_7",1,"6.7","23.11.2023",2073,"ES",0.3679,0.37259665,2.0200796,0.7526749,3,66,2,3,3,5,2,8,2,2,2,88,2,2,75,1,3
"ESS1e06_7",1,"6.7","23.11.2023",2075,"ES",1.1038,0.9795141,2.0200796,1.9786965,2,1,2,2,3,6,2,3,3,1,2,0,2,2,36,5,1
"ESS1e06_7",1,"6.7","23.11.2023",2080,"ES",1.4437,1.3545018,2.0200796,2.7362015,2,66,1,4,3,5,2,8,3,2,2,88,2,2,53,1,2
"ESS1e06_7",1,"6.7","23.11.2023",2081,"ES",1.0827,1.0965219,2.0200796,2.2150614,5,66,2,4,3,8,2,2,2,2,2,6,2,2,64,1,3
"ESS1e06_7",1,"6.7","23.11.2023",2082,"ES",0.7218,0.73101455,2.0200796,1.4767076,2,66,1,2,3,8,2,3,3,2,2,88,2,2,56,1,2
"ESS1e06_7",1,"6.7","23.11.2023",2083,"ES",1.0827,1.4064031,2.0200796,2.841046,2,0,1,2,3,5,2,2,2,2,2,8,2,1,20,2,2
"ESS1e06_7",1,"6.7","23.11.2023",2086,"ES",1.0827,1.0965219,2.0200796,2.2150614,2,66,1,4,2,8,2,8,3,2,1,88,8,2,70,1,3
"ESS1e06_7",1,"6.7","23.11.2023",2088,"ES",0.7218,0.9114308,2.0200796,1.8411627,2,66,2,4,3,5,2,4,1,2,2,10,2,2,27,2,2
"ESS1e06_7",1,"6.7","23.11.2023",2090,"ES",1.8046,1.6931039,2.0200796,3.4202046,3,1,2,4,1,0,2,3,1,2,4,0,4,2,44,1,3
"ESS1e06_7",1,"6.7","23.11.2023",2091,"ES",1.5709,1.4331965,2.0200796,2.8951712,3,4,2,2,3,2,2,7,7,1,1,7,5,1,67,5,2
"ESS1e06_7",1,"6.7","23.11.2023",2094,"ES",0.7855,0.70624906,2.0200796,1.4266794,7,66,2,2,3,5,2,8,8,4,2,5,3,1,75,2,2
"ESS1e06_7",1,"6.7","23.11.2023",2101,"ES",0.7855,0.79552776,2.0200796,1.6070294,2,5,2,3,2,6,2,3,3,1,1,8,3,2,65,2,3
"ESS1e06_7",1,"6.7","23.11.2023",2102,"ES",0.3927,0.3484827,2.0200796,0.7039628,3,1,1,4,2,4,2,2,2,3,1,7,8,2,45,5,2
"ESS1e06_7",1,"6.7","23.11.2023",2107,"ES",0.8051,0.39305517,2.0200796,0.7940027,7,1,2,2,3,5,2,2,2,7,1,77,8,2,65,4,1
"ESS1e06_7",1,"6.7","23.11.2023",2108,"ES",0.8051,0.815378,2.0200796,1.6471285,3,66,2,4,2,8,2,3,3,1,1,9,3,2,75,1,3
"ESS1e06_7",1,"6.7","23.11.2023",2112,"ES",0.8051,0.7238716,2.0200796,1.4622782,5,3,2,4,2,4,2,2,2,5,1,8,5,1,68,2,2
"ESS1e06_7",1,"6.7","23.11.2023",2113,"ES",0.8051,1.1496688,2.0200796,2.3224225,1,2,2,2,1,0,2,2,2,1,3,88,5,1,54,2,2
"ESS1e06_7",1,"6.7","23.11.2023",2115,"ES",0.7256,0.9162291,2.0200796,1.8508558,1,66,1,3,3,0,2,2,2,2,4,5,5,2,34,2,1
"ESS1e06_7",1,"6.7","23.11.2023",2117,"ES",0.3628,0.36743155,2.0200796,0.74224097,1,66,2,4,4,6,2,3,3,3,8,88,3,2,70,1,3
"ESS1e06_7",1,"6.7","23.11.2023",2122,"ES",1.0883,0.61539656,2.0200796,1.24315,2,1,2,3,3,0,2,1,1,1,1,8,3,1,42,3,3
"ESS1e06_7",1,"6.7","23.11.2023",2131,"ES",1.4079,0.7918283,2.0200796,1.5995562,1,1,1,3,2,0,2,2,2,2,2,5,4,1,23,3,2
"ESS1e06_7",1,"6.7","23.11.2023",2132,"ES",1.7598,3.0881357,2.0200796,6.23828,2,2,1,2,2,0,2,2,3,3,2,5,3,1,26,5,2
"ESS1e06_7",1,"6.7","23.11.2023",2133,"ES",1.0559,0.59385717,2.0200796,1.1996387,1,0,2,7,2,5,2,2,4,2,3,4,4,1,26,3,2
"ESS1e06_7",1,"6.7","23.11.2023",2134,"ES",1.4079,0.79611945,2.0200796,1.6082246,2,1,1,3,2,4,2,3,3,4,4,5,4,1,52,3,1
"ESS1e06_7",1,"6.7","23.11.2023",2138,"ES",1.4079,0.68734616,2.0200796,1.388494,3,1,2,2,2,0,2,2,2,2,2,7,3,2,67,3,1
"ESS1e06_7",1,"6.7","23.11.2023",2139,"ES",0.353,0.31325284,2.0200796,0.6327957,2,66,1,3,4,8,1,2,2,5,4,0,5,2,43,5,4
"ESS1e06_7",1,"6.7","23.11.2023",2143,"ES",0.706,0.3475003,2.0200796,0.70197827,2,66,2,2,2,6,2,4,4,1,1,5,2,2,38,3,2
"ESS1e06_7",1,"6.7","23.11.2023",2148,"ES",0.353,0.35750642,2.0200796,0.72219145,2,66,2,2,2,5,2,2,2,3,3,8,3,2,66,2,3
"ESS1e06_7",1,"6.7","23.11.2023",2149,"ES",1.4121,1.6824254,2.0200796,3.3986332,2,3,2,2,2,7,2,3,2,4,2,5,2,1,42,5,1
"ESS1e06_7",1,"6.7","23.11.2023",2156,"ES",1.0884,0.76375294,2.0200796,1.5428418,3,2,1,2,2,0,2,2,2,1,2,2,8,2,32,3,2
"ESS1e06_7",1,"6.7","23.11.2023",2157,"ES",0.7256,0.68076926,2.0200796,1.3752081,4,66,2,3,3,3,2,3,3,1,1,8,4,2,46,2,3
"ESS1e06_7",1,"6.7","23.11.2023",2163,"ES",0.7825,0.5490965,2.0200796,1.1092187,3,1,2,4,3,0,2,1,1,1,1,8,5,2,27,3,1
"ESS1e06_7",1,"6.7","23.11.2023",2164,"ES",0.7825,0.79248947,2.0200796,1.6008918,1,66,2,2,4,5,2,1,1,1,2,8,3,2,62,1,2
"ESS1e06_7",1,"6.7","23.11.2023",2166,"ES",0.3912,0.3961941,2.0200796,0.80034363,2,66,1,4,3,5,2,2,2,3,1,88,5,2,56,1,2
"ESS1e06_7",1,"6.7","23.11.2023",2169,"ES",1.1737,1.1886836,2.0200796,2.4012356,1,2,1,2,2,7,2,2,2,1,1,9,3,2,59,1,3
"ESS1e06_7",1,"6.7","23.11.2023",2171,"ES",0.7825,0.98998535,2.0200796,1.9998492,2,66,2,2,2,4,2,3,3,5,1,7,5,2,30,5,1
"ESS1e06_7",1,"6.7","23.11.2023",2175,"ES",0.8249,0.73201776,2.0200796,1.4787341,3,1,1,1,2,0,2,1,1,3,2,9,5,2,40,5,1
"ESS1e06_7",1,"6.7","23.11.2023",2176,"ES",1.2373,1.6072251,2.0200796,3.2467225,2,66,2,2,3,1,2,2,1,2,2,5,2,1,14,1,1
"ESS1e06_7",1,"6.7","23.11.2023",2177,"ES",1.2373,1.5623626,2.0200796,3.1560967,2,66,1,4,3,1,2,1,1,2,4,4,4,2,19,2,2
"ESS1e06_7",1,"6.7","23.11.2023",2179,"ES",0.8249,0.5788495,2.0200796,1.169322,66,66,2,2,1,1,2,4,4,2,2,88,2,2,34,3,2
"ESS1e06_7",1,"6.7","23.11.2023",2182,"ES",1.2373,1.1608542,2.0200796,2.345018,2,66,2,2,4,9,2,4,3,4,2,7,8,2,53,1,3
"ESS1e06_7",1,"6.7","23.11.2023",2183,"ES",0.8249,0.7416739,2.0200796,1.4982404,2,77,2,2,3,0,2,2,1,8,2,88,2,1,64,1,2
"ESS1e06_7",1,"6.7","23.11.2023",2186,"ES",0.369,0.6475293,2.0200796,1.3080608,1,66,2,1,2,6,2,7,3,2,3,10,5,1,31,5,2
"ESS1e06_7",1,"6.7","23.11.2023",2187,"ES",0.7381,0.9320131,2.0200796,1.8827406,1,66,1,3,2,3,2,3,3,3,2,3,3,2,33,2,1
"ESS1e06_7",1,"6.7","23.11.2023",2188,"ES",0.369,0.3737107,2.0200796,0.7549254,2,2,2,4,4,8,2,1,3,1,1,8,2,2,79,1,3
"ESS1e06_7",1,"6.7","23.11.2023",2189,"ES",0.369,0.3737107,2.0200796,0.7549254,3,66,1,4,5,8,2,8,3,2,1,88,8,2,81,1,2
"ESS1e06_7",1,"6.7","23.11.2023",2190,"ES",0.7381,0.69249696,2.0200796,1.398899,2,66,2,2,2,5,2,8,8,8,1,5,3,2,36,1,1
"ESS1e06_7",1,"6.7","23.11.2023",2191,"ES",1.1071,0.7768751,2.0200796,1.5693495,2,1,2,2,2,5,2,1,1,4,1,7,5,2,24,4,2
"ESS1e06_7",1,"6.7","23.11.2023",2193,"ES",0.369,0.3737107,2.0200796,0.7549254,1,66,1,3,4,7,2,3,3,1,1,2,3,2,66,1,3
"ESS1e06_7",1,"6.7","23.11.2023",2196,"ES",0.9942,0.93277395,2.0200796,1.8842776,1,66,1,2,2,4,2,3,3,3,2,88,8,2,42,2,2
"ESS1e06_7",1,"6.7","23.11.2023",2197,"ES",0.9942,1.0068921,2.0200796,2.034002,2,66,2,2,2,8,2,3,3,4,2,8,4,2,67,1,1
"ESS1e06_7",1,"6.7","23.11.2023",2199,"ES",1.4912,1.3990672,2.0200796,2.826227,1,66,2,2,2,6,2,2,2,3,1,7,4,2,35,2,1
"ESS1e06_7",1,"6.7","23.11.2023",2200,"ES",0.4971,0.4469464,2.0200796,0.9028673,3,1,2,2,4,5,2,3,3,4,2,6,4,1,83,1,2
"ESS1e06_7",1,"6.7","23.11.2023",2201,"ES",0.9942,0.8938928,2.0200796,1.8057346,4,88,2,2,4,4,1,4,4,2,1,3,8,1,82,1,3
"ESS1e06_7",1,"6.7","23.11.2023",2203,"ES",0.9942,0.8938928,2.0200796,1.8057346,3,1,2,2,3,4,2,2,2,4,8,7,4,1,69,1,1
"ESS1e06_7",1,"6.7","23.11.2023",2220,"ES",0.9304,1.328595,2.0200796,2.6838677,1,2,2,1,2,3,2,3,3,2,1,9,3,1,37,2,1
"ESS1e06_7",1,"6.7","23.11.2023",2221,"ES",0.4652,0.26305473,2.0200796,0.5313915,2,66,2,1,3,0,7,2,2,1,2,10,4,1,37,4,2
"ESS1e06_7",1,"6.7","23.11.2023",2223,"ES",0.9304,0.652881,2.0200796,1.3188716,4,66,1,4,1,0,2,2,2,3,1,9,3,2,34,4,3
"ESS1e06_7",1,"6.7","23.11.2023",2225,"ES",1.5795,2.0517352,2.0200796,4.1446686,2,1,2,2,2,3,2,3,3,2,4,8,3,1,24,2,1
"ESS1e06_7",1,"6.7","23.11.2023",2226,"ES",1.1846,1.1114103,2.0200796,2.2451372,2,66,2,3,2,5,2,3,3,2,2,6,4,2,40,2,2
"ESS1e06_7",1,"6.7","23.11.2023",2227,"ES",0.7898,1.0259326,2.0200796,2.0724654,2,66,2,2,2,0,2,4,2,2,4,5,4,1,32,1,1
"ESS1e06_7",1,"6.7","23.11.2023",2229,"ES",0.7898,1.1278207,2.0200796,2.2782876,1,1,2,2,3,5,2,3,3,2,3,7,4,1,42,2,2
"ESS1e06_7",1,"6.7","23.11.2023",2230,"ES",1.1846,1.1114103,2.0200796,2.2451372,4,2,1,3,2,3,2,3,3,2,2,7,4,2,45,1,2
"ESS1e06_7",1,"6.7","23.11.2023",2232,"ES",0.7898,0.79988265,2.0200796,1.6158266,4,2,1,3,3,4,2,4,3,2,2,3,2,2,61,1,2
"ESS1e06_7",1,"6.7","23.11.2023",2236,"ES",0.761,0.6842209,2.0200796,1.3821807,4,66,2,2,2,6,2,2,2,4,4,3,4,1,75,1,3
"ESS1e06_7",1,"6.7","23.11.2023",2238,"ES",1.5221,0.86069566,2.0200796,1.7386738,3,1,1,3,2,1,2,1,1,2,5,7,4,1,48,3,2
"ESS1e06_7",1,"6.7","23.11.2023",2240,"ES",0.761,0.4280001,2.0200796,0.8645943,0,1,1,2,2,2,2,3,3,5,1,3,4,1,30,4,1
"ESS1e06_7",1,"6.7","23.11.2023",2241,"ES",0.761,0.6842209,2.0200796,1.3821807,5,66,2,2,2,8,2,3,3,2,2,88,3,1,82,1,2
"ESS1e06_7",1,"6.7","23.11.2023",2244,"ES",0.761,0.5340095,2.0200796,1.0787418,0,0,1,2,2,1,2,3,3,3,2,3,5,2,27,3,1
"ESS1e06_7",1,"6.7","23.11.2023",2245,"ES",1.3481,1.212087,2.0200796,2.4485123,4,7,2,2,3,4,2,2,2,3,1,7,4,1,75,1,2
"ESS1e06_7",1,"6.7","23.11.2023",2247,"ES",1.0111,1.2792002,2.0200796,2.5840862,1,1,2,2,2,3,2,2,2,4,2,7,5,2,20,5,1
"ESS1e06_7",1,"6.7","23.11.2023",2248,"ES",0.674,0.47295982,2.0200796,0.9554165,2,66,1,3,2,3,2,2,2,4,8,7,5,2,29,3,1
"ESS1e06_7",1,"6.7","23.11.2023",2250,"ES",1.6851,2.9570506,2.0200796,5.9734774,2,1,1,2,2,4,2,3,3,4,1,7,4,1,31,5,1
"ESS1e06_7",1,"6.7","23.11.2023",2251,"ES",0.674,0.6826044,2.0200796,1.3789152,2,2,1,2,3,6,2,8,8,8,2,6,5,2,68,1,1
"ESS1e06_7",1,"6.7","23.11.2023",2252,"ES",0.674,0.80302715,2.0200796,1.6221788,2,1,2,2,2,5,2,2,2,4,2,7,5,1,35,5,1
"ESS1e06_7",1,"6.7","23.11.2023",2253,"ES",1.6851,1.7066121,2.0200796,3.4474924,2,66,1,2,3,6,2,3,2,3,8,5,8,2,75,1,1
"ESS1e06_7",1,"6.7","23.11.2023",2254,"ES",2.0221,0.98720264,2.0200796,1.9942279,3,1,1,2,3,5,2,2,2,4,8,6,4,2,57,3,2
"ESS1e06_7",1,"6.7","23.11.2023",2255,"ES",0.7469,0.42234647,2.0200796,0.8531735,66,3,2,2,2,1,2,2,2,5,4,8,5,1,41,3,1
"ESS1e06_7",1,"6.7","23.11.2023",2258,"ES",1.1204,0.786208,2.0200796,1.5882027,2,1,1,2,2,2,1,2,2,4,4,8,5,2,17,3,1
"ESS1e06_7",1,"6.7","23.11.2023",2260,"ES",0.7469,0.36464155,2.0200796,0.7366049,1,66,1,3,2,4,2,3,3,3,8,3,5,2,55,3,1
"ESS1e06_7",1,"6.7","23.11.2023",2263,"ES",1.1204,0.786208,2.0200796,1.5882027,1,66,1,2,2,3,1,3,3,4,3,8,5,2,16,3,1
"ESS1e06_7",1,"6.7","23.11.2023",2264,"ES",0.7469,1.3106766,2.0200796,2.647671,2,66,1,3,2,4,1,2,2,2,2,8,4,1,34,5,1
"ESS1e06_7",1,"6.7","23.11.2023",2265,"ES",0.9614,0.5436389,2.0200796,1.0981939,2,3,1,3,2,2,2,3,3,4,2,7,4,1,46,4,2
"ESS1e06_7",1,"6.7","23.11.2023",2267,"ES",0.641,0.31550664,2.0200796,0.63734853,2,1,2,2,2,4,2,3,3,4,3,6,4,2,42,3,2
"ESS1e06_7",1,"6.7","23.11.2023",2272,"ES",0.641,0.76370984,2.0200796,1.5427547,1,2,8,2,2,77,1,2,2,3,3,3,4,1,35,5,1
"ESS1e06_7",1,"6.7","23.11.2023",2273,"ES",0.9614,0.8531481,2.0200796,1.723427,1,1,1,2,2,5,2,2,3,4,8,7,4,2,54,5,1
"ESS1e06_7",1,"6.7","23.11.2023",2274,"ES",0.3205,0.38185492,2.0200796,0.7713773,2,3,1,3,2,3,2,3,3,4,2,6,5,1,48,5,1
"ESS1e06_7",1,"6.7","23.11.2023",2275,"ES",0.8204,0.8039653,2.0200796,1.6240739,2,66,1,2,4,6,2,3,3,4,4,5,5,2,67,1,3
"ESS1e06_7",1,"6.7","23.11.2023",2277,"ES",1.6409,0.8929842,2.0200796,1.8038992,0,66,1,1,3,0,2,2,2,4,4,6,5,1,18,3,2
"ESS1e06_7",1,"6.7","23.11.2023",2278,"ES",0.8204,1.0023859,2.0200796,2.0248992,3,66,2,2,2,5,2,2,2,4,4,5,5,2,30,2,1
"ESS1e06_7",1,"6.7","23.11.2023",2280,"ES",0.8204,0.7447848,2.0200796,1.5045246,2,66,2,2,1,8,2,1,3,4,5,3,5,2,35,2,3
"ESS1e06_7",1,"6.7","23.11.2023",2282,"ES",0.8204,0.5570478,2.0200796,1.1252809,5,66,2,8,3,4,2,2,2,4,2,6,5,2,29,3,2
"ESS1e06_7",1,"6.7","23.11.2023",2284,"ES",0.8204,0.44888443,2.0200796,0.90678227,4,66,2,2,1,0,2,3,1,4,4,7,5,1,39,3,2
"ESS1e06_7",1,"6.7","23.11.2023",2289,"ES",0.8091,0.5493752,2.0200796,1.1097816,3,0,1,2,2,2,2,3,3,3,1,5,2,2,30,3,1
"ESS1e06_7",1,"6.7","23.11.2023",2291,"ES",2.0228,1.3734719,2.0200796,2.7745225,3,66,2,2,3,3,2,3,3,2,4,5,5,2,28,3,1
"ESS1e06_7",1,"6.7","23.11.2023",2292,"ES",0.4046,0.1926987,2.0200796,0.38926673,3,66,2,2,2,3,2,2,2,2,1,6,4,2,50,3,2
"ESS1e06_7",1,"6.7","23.11.2023",2295,"ES",0.837,0.7281815,2.0200796,1.4709846,4,0,2,3,2,1,2,2,2,4,4,6,5,1,60,1,3
"ESS1e06_7",1,"6.7","23.11.2023",2296,"ES",1.2554,1.5338801,2.0200796,3.0985599,4,66,2,1,2,7,2,1,1,4,4,5,5,2,34,2,1
"ESS1e06_7",1,"6.7","23.11.2023",2299,"ES",0.837,0.75985473,2.0200796,1.5349671,66,66,2,1,1,10,2,2,1,4,4,5,5,2,40,2,1
"ESS1e06_7",1,"6.7","23.11.2023",2300,"ES",2.0924,1.4207299,2.0200796,2.8699875,1,66,2,2,2,6,2,3,1,4,3,6,3,2,16,3,1
"ESS1e06_7",1,"6.7","23.11.2023",2301,"ES",0.837,0.8202327,2.0200796,1.6569353,1,66,1,2,4,6,2,2,1,2,1,6,4,2,65,1,2
"ESS1e06_7",1,"6.7","23.11.2023",2305,"ES",0.3998,0.35294127,2.0200796,0.7129695,2,1,2,2,3,4,2,1,4,4,3,5,4,1,60,5,1
"ESS1e06_7",1,"6.7","23.11.2023",2306,"ES",0.7995,0.71216536,2.0200796,1.4386307,2,1,2,3,2,5,2,1,3,3,1,88,3,2,56,5,1
"ESS1e06_7",1,"6.7","23.11.2023",2307,"ES",0.7995,0.6865011,2.0200796,1.3867868,2,1,2,2,2,3,2,1,4,2,1,5,2,2,35,5,2
"ESS1e06_7",1,"6.7","23.11.2023",2308,"ES",1.9988,1.9822066,2.0200796,4.0042152,3,2,1,2,2,5,2,1,4,3,4,5,3,1,999,5,1
"ESS1e06_7",1,"6.7","23.11.2023",2309,"ES",0.3998,0.21875182,2.0200796,0.44189608,5,2,2,2,2,3,2,1,4,2,1,5,3,1,35,3,2
"ESS1e06_7",1,"6.7","23.11.2023",2313,"ES",1.1993,0.57119024,2.0200796,1.1538497,2,1,2,3,2,5,2,1,4,2,1,8,3,2,40,4,1
"ESS1e06_7",1,"6.7","23.11.2023",2315,"ES",0.7995,0.7057943,2.0200796,1.4257606,2,2,1,2,2,4,2,2,4,2,1,7,2,1,60,5,1
"ESS1e06_7",1,"6.7","23.11.2023",2316,"ES",1.5991,1.3730881,2.0200796,2.7737472,2,1,2,2,2,4,2,2,4,2,1,5,3,2,49,5,2
"ESS1e06_7",1,"6.7","23.11.2023",2319,"ES",1.0995,0.60159487,2.0200796,1.2152696,4,1,2,3,3,5,2,1,2,2,3,3,3,1,48,3,2
"ESS1e06_7",1,"6.7","23.11.2023",2321,"ES",0.733,0.6654403,2.0200796,1.3442425,0,1,2,3,2,5,2,8,8,3,2,2,4,2,35,1,8
"ESS1e06_7",1,"6.7","23.11.2023",2329,"ES",0.4525,0.44343525,2.0200796,0.8957745,1,66,2,3,2,6,2,8,3,8,8,88,3,2,82,1,2
"ESS1e06_7",1,"6.7","23.11.2023",2336,"ES",0.905,0.82158726,2.0200796,1.6596717,2,1,2,2,2,2,2,2,3,3,1,0,2,2,46,2,2
"ESS1e06_7",1,"6.7","23.11.2023",2342,"ES",1.1068,0.96290475,2.0200796,1.9451443,3,1,1,2,4,5,2,1,2,3,2,7,3,1,65,2,4
"ESS1e06_7",1,"6.7","23.11.2023",2344,"ES",1.1068,1.0047877,2.0200796,2.029751,2,1,2,3,2,6,2,3,3,2,1,6,2,2,52,1,1
"ESS1e06_7",1,"6.7","23.11.2023",2345,"ES",0.7379,0.5010307,2.0200796,1.0121219,0,1,2,2,3,3,2,8,8,1,4,0,4,2,31,4,3
"ESS1e06_7",1,"6.7","23.11.2023",2346,"ES",1.1068,0.6055891,2.0200796,1.2233381,7,2,2,2,3,5,2,1,1,5,5,7,5,1,53,3,2
"ESS1e06_7",1,"6.7","23.11.2023",2347,"ES",1.1068,1.3549274,2.0200796,2.7370613,3,66,2,3,2,5,2,3,3,3,3,3,2,2,24,5,2
"ESS1e06_7",1,"6.7","23.11.2023",2348,"ES",0.7379,0.40374428,2.0200796,0.81559557,2,66,1,2,4,5,2,1,1,2,2,8,4,1,51,3,2
"ESS1e06_7",1,"6.7","23.11.2023",2350,"ES",1.1068,0.985897,2.0200796,1.9915904,2,66,2,3,1,7,2,2,2,2,2,5,4,2,55,5,1
"ESS1e06_7",1,"6.7","23.11.2023",2351,"ES",1.4757,1.3396866,2.0200796,2.7062736,2,66,2,3,1,8,2,2,2,4,4,2,4,2,45,2,3
"ESS1e06_7",1,"6.7","23.11.2023",2352,"ES",0.3689,0.50972277,2.0200796,1.0296806,3,2,2,2,2,5,2,3,3,4,3,4,3,1,37,2,1
"ESS1e06_7",1,"6.7","23.11.2023",2353,"ES",0.3324,0.15702441,2.0200796,0.31720182,1,66,2,1,2,7,2,2,2,4,4,6,5,2,58,3,1
"ESS1e06_7",1,"6.7","23.11.2023",2354,"ES",0.9971,0.9051985,2.0200796,1.8285731,0,0,2,2,4,8,2,3,3,4,5,5,5,2,50,2,3
"ESS1e06_7",1,"6.7","23.11.2023",2356,"ES",0.6647,0.81214756,2.0200796,1.6406027,4,66,2,2,2,7,2,3,3,2,4,5,5,2,30,2,2
"ESS1e06_7",1,"6.7","23.11.2023",2358,"ES",0.6647,0.91844064,2.0200796,1.8553232,4,2,2,3,3,3,2,3,3,2,3,5,5,1,50,2,3
"ESS1e06_7",1,"6.7","23.11.2023",2366,"ES",1.1247,1.9097311,2.0200796,3.857809,0,66,2,1,1,3,2,2,2,4,3,6,5,1,24,5,1
"ESS1e06_7",1,"6.7","23.11.2023",2367,"ES",1.687,0.91807204,2.0200796,1.8545786,1,1,2,1,1,4,2,2,2,2,5,6,2,1,27,4,1
"ESS1e06_7",1,"6.7","23.11.2023",2368,"ES",0.5623,0.3139491,2.0200796,0.6342022,2,2,2,1,1,2,2,1,1,2,2,7,5,1,62,4,1
"ESS1e06_7",1,"6.7","23.11.2023",2371,"ES",2.2494,1.9857582,2.0200796,4.0113897,2,1,2,1,1,7,2,1,1,5,4,5,5,1,55,5,1
"ESS1e06_7",1,"6.7","23.11.2023",2373,"ES",1.687,0.91807204,2.0200796,1.8545786,0,66,2,1,1,3,2,2,2,5,5,5,5,1,20,4,1
"ESS1e06_7",1,"6.7","23.11.2023",2374,"ES",1.1247,1.2966105,2.0200796,2.6192565,4,2,2,1,1,4,2,2,2,4,4,5,5,1,45,5,1
"ESS1e06_7",1,"6.7","23.11.2023",2375,"ES",0.8478,0.4613761,2.0200796,0.93201643,3,1,2,2,2,7,2,2,8,4,2,6,4,1,32,4,1
"ESS1e06_7",1,"6.7","23.11.2023",2376,"ES",1.6956,0.92775285,2.0200796,1.8741347,3,2,2,2,2,7,2,3,3,3,2,8,3,1,51,3,1
"ESS1e06_7",1,"6.7","23.11.2023",2380,"ES",1.6956,2.1312165,2.0200796,4.3052273,1,0,1,2,3,4,2,3,3,3,3,6,2,1,17,2,1
"ESS1e06_7",1,"6.7","23.11.2023",2381,"ES",1.6956,2.1312165,2.0200796,4.3052273,2,66,2,2,2,5,2,3,4,1,1,6,3,1,18,1,1
"ESS1e06_7",1,"6.7","23.11.2023",2383,"ES",0.8478,0.74843323,2.0200796,1.5118947,3,3,1,3,3,5,2,3,3,2,3,5,3,1,60,5,2
"ESS1e06_7",1,"6.7","23.11.2023",2384,"ES",1.2717,0.6958146,2.0200796,1.4056009,2,66,2,3,2,5,2,3,3,3,1,6,4,1,44,3,1
"ESS1e06_7",1,"6.7","23.11.2023",2385,"ES",0.8155,1.6135235,2.0200796,3.259446,4,1,2,1,2,5,2,3,3,2,3,6,3,1,50,2,2
"ESS1e06_7",1,"6.7","23.11.2023",2386,"ES",0.8155,1.4267871,2.0200796,2.8822236,1,66,2,2,2,5,2,3,3,3,2,6,4,2,33,2,2
"ESS1e06_7",1,"6.7","23.11.2023",2388,"ES",1.2233,2.140268,2.0200796,4.323512,1,66,2,2,3,6,1,2,2,1,1,5,3,2,30,1,2
"ESS1e06_7",1,"6.7","23.11.2023",2389,"ES",0.8155,1.0159307,2.0200796,2.0522609,3,66,2,2,3,5,2,3,3,5,1,5,2,1,79,1,2
"ESS1e06_7",1,"6.7","23.11.2023",2390,"ES",0.8155,1.6135235,2.0200796,3.259446,2,66,2,2,2,7,2,3,2,4,3,6,4,1,44,2,2
"ESS1e06_7",1,"6.7","23.11.2023",2392,"ES",2.0389,1.982388,2.0200796,4.0045815,2,66,2,2,1,0,2,3,3,2,2,5,2,2,20,3,2
"ESS1e06_7",1,"6.7","23.11.2023",2396,"ES",1.1836,2.0708096,2.0200796,4.1832004,1,66,2,3,3,7,2,1,1,2,3,3,3,2,17,2,1
"ESS1e06_7",1,"6.7","23.11.2023",2403,"ES",0.7891,1.107311,2.0200796,2.2368565,1,66,2,3,3,5,2,1,3,1,1,2,3,2,60,1,3
"ESS1e06_7",1,"6.7","23.11.2023",2405,"ES",0.8888,1.107246,2.0200796,2.236725,2,2,2,4,2,7,2,2,3,2,3,1,4,1,70,1,3
"ESS1e06_7",1,"6.7","23.11.2023",2409,"ES",0.4444,0.6236079,2.0200796,1.2597376,3,66,2,4,2,6,2,3,3,1,1,5,2,2,63,1,3
"ESS1e06_7",1,"6.7","23.11.2023",2411,"ES",0.8888,1.1554073,2.0200796,2.3340147,1,66,8,3,3,5,2,4,4,1,1,1,1,2,47,1,1
"ESS1e06_7",1,"6.7","23.11.2023",2414,"ES",0.8888,1.4672456,2.0200796,2.9639528,2,2,2,2,2,3,2,3,3,3,2,7,3,1,43,5,2
"ESS1e06_7",1,"6.7","23.11.2023",2415,"ES",1.6798,2.1836782,2.0200796,4.411204,3,66,1,3,3,5,2,3,2,3,2,3,2,2,53,1,1
"ESS1e06_7",1,"6.7","23.11.2023",2416,"ES",0.8399,1.0463276,2.0200796,2.113665,2,66,2,4,3,3,2,3,4,1,1,8,1,1,80,1,3
"ESS1e06_7",1,"6.7","23.11.2023",2417,"ES",0.8399,1.1785965,2.0200796,2.3808587,2,66,2,4,3,7,2,3,3,2,1,5,2,2,72,1,4
"ESS1e06_7",1,"6.7","23.11.2023",2420,"ES",0.8399,1.469477,2.0200796,2.9684606,3,66,2,4,2,5,2,4,4,1,1,8,1,2,34,1,3
"ESS1e06_7",1,"6.7","23.11.2023",2421,"ES",0.8399,1.1785965,2.0200796,2.3808587,2,0,2,2,2,7,2,2,3,4,3,2,3,2,59,1,3
"ESS1e06_7",1,"6.7","23.11.2023",2425,"ES",0.7017,0.9846662,2.0200796,1.9891042,3,66,2,2,2,6,2,4,3,2,2,3,3,2,80,1,3
"ESS1e06_7",1,"6.7","23.11.2023",2426,"ES",0.7017,1.3883623,2.0200796,2.8046024,1,1,2,2,1,2,2,3,3,2,3,7,5,1,48,2,3
"ESS1e06_7",1,"6.7","23.11.2023",2428,"ES",0.7017,0.5468133,2.0200796,1.1046064,3,1,1,2,2,6,2,2,2,2,3,5,4,1,30,4,2
"ESS1e06_7",1,"6.7","23.11.2023",2430,"ES",0.7017,0.47855332,2.0200796,0.9667158,2,66,2,3,1,5,2,2,2,3,3,6,4,2,39,3,2
"ESS1e06_7",1,"6.7","23.11.2023",2432,"ES",0.7017,0.9846662,2.0200796,1.9891042,1,66,2,3,2,6,2,3,3,3,3,5,4,2,68,2,3
"ESS1e06_7",1,"6.7","23.11.2023",2434,"ES",0.7017,0.9846662,2.0200796,1.9891042,2,66,2,2,2,4,2,3,3,2,2,3,4,2,64,2,3
"ESS1e06_7",1,"6.7","23.11.2023",2436,"ES",0.7017,1.2629366,2.0200796,2.5512326,1,1,2,2,1,0,2,4,4,1,2,5,2,1,34,2,3
"ESS1e06_7",1,"6.7","23.11.2023",2439,"ES",0.8181,0.63752025,2.0200796,1.2878417,5,1,2,2,1,5,2,3,3,5,4,6,2,1,20,3,2
"ESS1e06_7",1,"6.7","23.11.2023",2442,"ES",1.2272,2.4281006,2.0200796,4.9049563,1,66,2,2,1,5,2,2,2,2,2,5,3,1,50,2,3
"ESS1e06_7",1,"6.7","23.11.2023",2444,"ES",0.8181,0.63752025,2.0200796,1.2878417,2,1,2,4,2,2,2,2,1,1,5,5,3,1,34,3,2
"ESS1e06_7",1,"6.7","23.11.2023",2446,"ES",0.8181,0.5579371,2.0200796,1.1270773,1,1,2,2,2,4,2,3,1,2,3,5,2,2,37,3,2
"ESS1e06_7",1,"6.7","23.11.2023",2450,"ES",0.7583,1.5003493,2.0200796,3.030825,2,1,2,2,2,0,2,2,1,2,1,4,3,1,45,1,3
"ESS1e06_7",1,"6.7","23.11.2023",2452,"ES",1.1374,2.04712,2.0200796,4.1353455,2,66,2,3,2,5,2,4,3,1,5,5,3,1,19,2,1
"ESS1e06_7",1,"6.7","23.11.2023",2453,"ES",1.1374,1.416946,2.0200796,2.8623438,1,66,2,2,3,5,2,3,3,1,1,0,2,1,59,1,2
"ESS1e06_7",1,"6.7","23.11.2023",2454,"ES",0.7583,0.9446722,2.0200796,1.9083132,2,1,2,2,3,6,2,3,3,4,1,9,2,1,66,2,4
"ESS1e06_7",1,"6.7","23.11.2023",2455,"ES",0.7583,0.59092,2.0200796,1.1937054,1,1,2,3,2,5,2,3,3,4,4,7,4,1,34,3,2
"ESS1e06_7",1,"6.7","23.11.2023",2456,"ES",0.3791,0.53197515,2.0200796,1.0746322,7,66,2,3,4,10,2,2,2,2,4,5,1,2,82,1,4
"ESS1e06_7",1,"6.7","23.11.2023",2457,"ES",0.7583,0.9446722,2.0200796,1.9083132,2,1,2,2,3,5,2,3,3,1,1,88,2,1,61,1,2
"ESS1e06_7",1,"6.7","23.11.2023",2458,"ES",0.7583,0.9857621,2.0200796,1.991318,2,66,2,2,2,8,2,3,2,2,1,3,3,2,52,2,2
"ESS1e06_7",1,"6.7","23.11.2023",2461,"ES",0.4535,0.6363776,2.0200796,1.2855333,7,66,2,3,4,6,2,3,3,2,3,4,1,2,86,1,4
"ESS1e06_7",1,"6.7","23.11.2023",2464,"ES",0.4535,0.6363776,2.0200796,1.2855333,66,66,2,2,4,7,2,2,2,4,3,6,4,2,77,2,3
"ESS1e06_7",1,"6.7","23.11.2023",2465,"ES",0.9069,0.7105493,2.0200796,1.4353662,1,66,2,2,3,3,2,3,3,3,2,5,4,1,36,3,3
"ESS1e06_7",1,"6.7","23.11.2023",2471,"ES",1.0098,1.7701423,2.0200796,3.5758283,2,66,1,3,2,8,2,2,2,4,3,4,4,2,32,5,1
"ESS1e06_7",1,"6.7","23.11.2023",2479,"ES",1.5146,1.47262,2.0200796,2.9748096,3,66,2,4,2,3,2,1,1,4,5,9,5,2,25,3,2
"ESS1e06_7",1,"6.7","23.11.2023",2481,"ES",0.7693,0.6737573,2.0200796,1.3610435,2,66,1,2,3,8,2,3,3,2,2,5,3,2,55,1,2
"ESS1e06_7",1,"6.7","23.11.2023",2482,"ES",0.7693,0.5981444,2.0200796,1.2082993,2,0,2,2,5,8,2,2,4,4,1,6,2,1,69,1,2
"ESS1e06_7",1,"6.7","23.11.2023",2483,"ES",0.7693,0.94998616,2.0200796,1.9190477,2,1,2,1,1,8,2,4,2,4,2,1,2,1,35,1,1
"ESS1e06_7",1,"6.7","23.11.2023",2484,"ES",0.7693,0.37618437,2.0200796,0.7599224,3,2,2,1,2,5,2,2,2,2,3,7,4,1,43,3,2
"ESS1e06_7",1,"6.7","23.11.2023",2485,"ES",1.5387,0.9337205,2.0200796,1.8861898,1,66,1,2,2,2,2,2,2,3,3,3,3,2,19,3,1
"ESS1e06_7",1,"6.7","23.11.2023",2488,"ES",1.154,1.2625507,2.0200796,2.550453,4,66,2,2,1,0,2,1,1,3,2,5,5,2,22,5,2
"ESS1e06_7",1,"6.7","23.11.2023",2490,"ES",0.7693,0.6737573,2.0200796,1.3610435,4,66,2,2,1,9,2,8,8,8,2,2,2,2,79,1,1
"ESS1e06_7",1,"6.7","23.11.2023",2492,"ES",0.3682,0.32247165,2.0200796,0.6514184,2,2,1,2,4,8,2,3,3,8,4,7,4,2,77,1,3
"ESS1e06_7",1,"6.7","23.11.2023",2493,"ES",0.7364,0.57256407,2.0200796,1.156625,4,2,2,2,1,8,2,2,2,8,3,2,8,1,85,1,3
"ESS1e06_7",1,"6.7","23.11.2023",2495,"ES",0.7364,0.6449433,2.0200796,1.3028368,1,66,2,3,3,8,2,8,8,2,4,3,8,2,62,1,2
"ESS1e06_7",1,"6.7","23.11.2023",2497,"ES",0.7364,0.57256407,2.0200796,1.156625,4,66,2,1,5,9,2,3,3,8,8,88,5,1,81,1,2
"ESS1e06_7",1,"6.7","23.11.2023",2498,"ES",0.7364,0.59746855,2.0200796,1.2069341,3,2,2,3,2,7,2,2,2,4,2,3,4,2,39,2,2
"ESS1e06_7",1,"6.7","23.11.2023",2500,"ES",0.7364,0.6449433,2.0200796,1.3028368,7,66,2,2,1,9,2,3,3,3,2,3,4,2,87,1,2
"ESS1e06_7",1,"6.7","23.11.2023",2501,"ES",0.3015,0.2344216,2.0200796,0.4735503,2,2,1,2,2,1,2,1,2,2,1,8,3,1,66,1,3
"ESS1e06_7",1,"6.7","23.11.2023",2503,"ES",0.603,0.9150588,2.0200796,1.8484917,2,2,1,2,2,4,2,3,3,4,2,5,4,1,34,5,1
"ESS1e06_7",1,"6.7","23.11.2023",2504,"ES",0.3015,0.24001911,2.0200796,0.4848577,2,2,1,3,4,9,2,2,2,5,5,8,5,2,76,5,2
"ESS1e06_7",1,"6.7","23.11.2023",2508,"ES",3.0148,4.0259333,2.0200796,8.132706,2,66,2,1,2,10,2,1,1,3,5,0,5,1,34,5,1
"ESS1e06_7",1,"6.7","23.11.2023",2511,"ES",0.9044,1.1168172,2.0200796,2.2560596,2,1,1,1,3,4,2,3,3,1,1,8,1,1,38,2,2
"ESS1e06_7",1,"6.7","23.11.2023",2512,"ES",1.2059,0.5865015,2.0200796,1.1847796,2,1,2,1,1,2,2,2,2,4,4,6,4,1,19,3,1
"ESS1e06_7",1,"6.7","23.11.2023",2515,"ES",1.2466,0.5306109,2.0200796,1.0718763,3,2,2,2,2,5,2,2,2,4,3,5,4,2,51,3,1
"ESS1e06_7",1,"6.7","23.11.2023",2516,"ES",0.6233,0.47831723,2.0200796,0.9662389,2,88,2,3,2,7,2,2,2,4,8,88,4,2,52,5,1
"ESS1e06_7",1,"6.7","23.11.2023",2517,"ES",1.8698,2.837441,2.0200796,5.731857,2,1,2,1,1,8,2,1,1,2,4,6,4,1,27,5,1
"ESS1e06_7",1,"6.7","23.11.2023",2519,"ES",0.6233,0.64219373,2.0200796,1.2972825,3,2,2,2,2,4,2,1,1,4,3,6,4,1,40,5,1
"ESS1e06_7",1,"6.7","23.11.2023",2525,"ES",1.1552,0.56184304,2.0200796,1.1349677,1,1,2,1,2,0,2,1,1,4,4,0,4,1,27,4,2
"ESS1e06_7",1,"6.7","23.11.2023",2527,"ES",0.7701,0.5987664,2.0200796,1.2095557,5,66,2,8,4,4,2,8,8,8,2,5,3,1,69,1,2
"ESS1e06_7",1,"6.7","23.11.2023",2529,"ES",0.3851,0.33727276,2.0200796,0.6813178,0,66,1,4,5,8,2,4,4,8,8,7,2,2,73,1,1
"ESS1e06_7",1,"6.7","23.11.2023",2530,"ES",0.7701,0.37657556,2.0200796,0.7607126,2,66,2,2,2,88,2,3,3,2,3,10,4,1,43,4,2
"ESS1e06_7",1,"6.7","23.11.2023",2532,"ES",0.7701,0.37657556,2.0200796,0.7607126,1,66,1,2,2,2,2,3,3,2,3,3,4,1,43,4,2
"ESS1e06_7",1,"6.7","23.11.2023",2533,"ES",0.7701,0.32779035,2.0200796,0.6621626,2,66,2,2,3,1,2,1,1,2,2,3,4,2,39,3,1
"ESS1e06_7",1,"6.7","23.11.2023",2541,"ES",0.4886,0.22332208,2.0200796,0.45112836,2,1,2,4,3,4,2,3,4,2,1,2,3,2,46,3,3
"ESS1e06_7",1,"6.7","23.11.2023",2544,"ES",1.4658,1.2238104,2.0200796,2.4721944,2,2,2,2,3,8,2,3,3,4,1,5,3,1,82,2,2
"ESS1e06_7",1,"6.7","23.11.2023",2546,"ES",1.2298,1.1525003,2.0200796,2.3281424,2,0,2,1,2,5,2,2,2,3,1,2,4,2,56,1,2
"ESS1e06_7",1,"6.7","23.11.2023",2547,"ES",0.9224,0.80079126,2.0200796,1.6176621,1,1,2,1,2,5,2,3,3,2,1,3,3,2,51,1,1
"ESS1e06_7",1,"6.7","23.11.2023",2548,"ES",0.6149,0.57625014,2.0200796,1.1640712,2,66,2,2,4,7,2,2,2,2,1,88,2,2,76,1,2
"ESS1e06_7",1,"6.7","23.11.2023",2549,"ES",2.1522,1.7905717,2.0200796,3.6170974,2,66,2,1,2,5,2,2,2,4,1,4,3,1,57,2,2
"ESS1e06_7",1,"6.7","23.11.2023",2550,"ES",1.8447,0.96002454,2.0200796,1.939326,0,66,2,1,1,5,2,1,1,5,3,5,4,1,15,3,8
"ESS1e06_7",1,"6.7","23.11.2023",2551,"ES",1.2298,0.79853916,2.0200796,1.6131127,1,66,2,2,3,5,2,2,2,3,2,5,5,2,30,4,1
"ESS1e06_7",1,"6.7","23.11.2023",2553,"ES",0.6149,0.5338319,2.0200796,1.078383,3,66,2,2,3,5,2,2,2,4,1,5,2,2,50,2,2
"ESS1e06_7",1,"6.7","23.11.2023",2555,"ES",0.7193,0.9504524,2.0200796,1.9199895,2,3,2,2,3,3,2,2,2,1,1,7,3,1,40,1,1
"ESS1e06_7",1,"6.7","23.11.2023",2557,"ES",1.4386,1.348176,2.0200796,2.7234228,1,0,2,1,2,2,2,2,2,1,4,9,4,2,56,1,3
"ESS1e06_7",1,"6.7","23.11.2023",2559,"ES",1.0789,0.9366584,2.0200796,1.8921245,5,66,2,2,2,2,2,2,2,4,4,8,4,2,52,1,2
"ESS1e06_7",1,"6.7","23.11.2023",2562,"ES",1.0789,1.2630571,2.0200796,2.551476,3,2,2,2,3,1,2,1,1,3,3,4,5,2,21,5,1
"ESS1e06_7",1,"6.7","23.11.2023",2563,"ES",1.4386,1.1968759,2.0200796,2.4177847,4,66,7,7,7,6,2,1,3,4,2,2,2,1,68,1,2
"ESS1e06_7",1,"6.7","23.11.2023",2564,"ES",1.0789,0.7005561,2.0200796,1.4151791,2,66,2,1,1,2,2,2,2,5,4,4,4,2,34,4,1
"ESS1e06_7",1,"6.7","23.11.2023",2570,"ES",0.657,0.72432435,2.0200796,1.4631928,3,2,2,1,2,2,2,1,1,4,2,5,5,1,45,5,1
"ESS1e06_7",1,"6.7","23.11.2023",2572,"ES",0.3285,0.30785194,2.0200796,0.6218854,2,66,2,2,4,5,2,1,2,2,1,88,2,2,63,1,3
"ESS1e06_7",1,"6.7","23.11.2023",2573,"ES",0.657,0.54660606,2.0200796,1.1041877,3,2,2,1,4,5,2,1,1,4,1,7,4,1,57,2,2
"ESS1e06_7",1,"6.7","23.11.2023",2580,"ES",0.3446,0.15567409,2.0200796,0.31447405,3,1,2,2,1,5,2,2,3,2,1,10,2,2,55,3,3
"ESS1e06_7",1,"6.7","23.11.2023",2583,"ES",0.6893,0.31394684,2.0200796,0.6341976,2,1,2,3,1,0,2,3,2,1,1,88,2,2,36,3,3
"ESS1e06_7",1,"6.7","23.11.2023",2584,"ES",2.4125,2.8997889,2.0200796,5.8578043,2,0,1,1,1,1,2,1,2,1,4,1,4,1,25,1,2
"ESS1e06_7",1,"6.7","23.11.2023",2586,"ES",0.3446,0.379912,2.0200796,0.7674525,1,1,2,2,2,6,2,1,1,4,4,3,4,1,43,5,1
"ESS1e06_7",1,"6.7","23.11.2023",2589,"ES",0.6969,0.31740832,2.0200796,0.6411901,2,66,2,2,2,8,2,1,3,2,1,10,4,2,54,3,1
"ESS1e06_7",1,"6.7","23.11.2023",2595,"ES",1.0453,0.47608972,2.0200796,0.9617391,66,3,1,4,3,10,2,3,3,4,1,5,3,2,45,3,1
"ESS1e06_7",1,"6.7","23.11.2023",2597,"ES",1.7422,0.9066812,2.0200796,1.8315681,1,66,2,1,1,0,2,2,2,4,4,4,4,1,18,3,3
"ESS1e06_7",1,"6.7","23.11.2023",2598,"ES",0.6969,0.36268288,2.0200796,0.7326483,2,66,2,1,1,3,2,4,3,4,4,3,2,1,16,3,2
"ESS1e06_7",1,"6.7","23.11.2023",2602,"ES",1.1323,0.92977786,2.0200796,1.8782253,1,1,2,2,1,5,2,2,2,2,2,3,4,2,40,5,2
"ESS1e06_7",1,"6.7","23.11.2023",2603,"ES",1.1323,1.0611286,2.0200796,2.1435642,4,2,2,2,3,7,2,2,2,2,3,7,3,2,89,2,1
"ESS1e06_7",1,"6.7","23.11.2023",2606,"ES",1.1323,1.2483295,2.0200796,2.521725,2,1,2,2,2,6,2,1,1,2,2,3,4,1,50,5,2
"ESS1e06_7",1,"6.7","23.11.2023",2608,"ES",0.3774,0.32764378,2.0200796,0.66186655,0,66,1,4,2,5,2,8,8,3,3,88,8,2,54,1,2
"ESS1e06_7",1,"6.7","23.11.2023",2610,"ES",0.4988,0.46744764,2.0200796,0.94428146,2,2,2,1,3,10,2,2,2,2,3,7,3,2,80,1,3
"ESS1e06_7",1,"6.7","23.11.2023",2611,"ES",2.4939,2.0748568,2.0200796,4.1913757,1,1,2,1,3,2,2,1,2,8,4,1,3,1,61,1,2
"ESS1e06_7",1,"6.7","23.11.2023",2612,"ES",2.4939,1.2978833,2.0200796,2.6218276,2,1,2,2,1,5,2,3,3,2,1,9,3,1,25,4,8
"ESS1e06_7",1,"6.7","23.11.2023",2613,"ES",0.4988,0.46744764,2.0200796,0.94428146,0,66,2,1,4,7,8,8,8,1,1,88,8,2,82,1,4
"ESS1e06_7",1,"6.7","23.11.2023",2614,"ES",0.4988,0.41498798,2.0200796,0.83830875,2,1,2,1,4,1,2,3,3,3,4,5,3,1,68,1,3
"ESS1e06_7",1,"6.7","23.11.2023",2615,"ES",0.9975,1.6197327,2.0200796,3.271989,2,1,2,1,1,5,2,3,3,2,1,8,3,1,27,5,2
"ESS1e06_7",1,"6.7","23.11.2023",2617,"ES",0.4988,0.41498798,2.0200796,0.83830875,6,66,2,1,4,0,2,2,2,2,3,2,3,1,64,1,4
"ESS1e06_7",1,"6.7","23.11.2023",2618,"ES",0.4988,0.2253344,2.0200796,0.45519343,6,6,2,4,2,0,2,1,1,3,5,8,5,2,72,3,2
"ESS1e06_7",1,"6.7","23.11.2023",2620,"ES",0.7604,0.9139894,2.0200796,1.8463314,3,1,2,1,1,3,2,3,3,1,3,5,4,1,28,2,2
"ESS1e06_7",1,"6.7","23.11.2023",2623,"ES",0.3802,0.31631604,2.0200796,0.6389836,3,1,2,2,5,1,2,8,8,3,1,3,4,1,82,1,2
"ESS1e06_7",1,"6.7","23.11.2023",2624,"ES",0.7604,0.71260464,2.0200796,1.4395181,7,1,2,1,4,3,2,1,1,5,2,3,4,2,84,1,2
"ESS1e06_7",1,"6.7","23.11.2023",2625,"ES",0.7604,1.0047601,2.0200796,2.0296955,0,1,2,1,2,5,2,2,2,3,2,3,3,1,43,2,2
"ESS1e06_7",1,"6.7","23.11.2023",2626,"ES",0.7604,0.71260464,2.0200796,1.4395181,1,1,2,4,4,7,2,2,2,8,1,88,3,2,75,1,2
"ESS1e06_7",1,"6.7","23.11.2023",2627,"ES",0.3802,0.35630232,2.0200796,0.71975905,3,2,2,1,2,7,2,2,2,8,2,5,3,2,66,2,1
"ESS1e06_7",1,"6.7","23.11.2023",2628,"ES",1.1406,0.7406194,2.0200796,1.4961102,3,0,2,2,2,5,2,8,8,3,3,7,3,2,23,3,1
"ESS1e06_7",1,"6.7","23.11.2023",2629,"ES",1.1485,0.5230929,2.0200796,1.0566894,2,66,2,2,2,4,2,2,3,2,1,5,2,2,47,3,2
"ESS1e06_7",1,"6.7","23.11.2023",2631,"ES",1.5314,2.023527,2.0200796,4.0876856,1,1,2,1,2,2,2,2,2,2,1,3,4,1,38,2,2
"ESS1e06_7",1,"6.7","23.11.2023",2632,"ES",1.1485,0.9555207,2.0200796,1.9302279,2,66,2,1,5,7,2,2,3,2,3,7,2,1,57,1,4
"ESS1e06_7",1,"6.7","23.11.2023",2634,"ES",1.1485,0.74574906,2.0200796,1.5064725,2,1,2,3,2,5,2,2,2,4,4,7,5,2,25,3,2
"ESS1e06_7",1,"6.7","23.11.2023",2636,"ES",0.3828,0.31847915,2.0200796,0.6433532,2,1,2,1,3,0,2,1,2,2,2,1,2,1,74,1,4
"ESS1e06_7",1,"6.7","23.11.2023",2637,"ES",0.3828,0.2002976,2.0200796,0.4046171,2,66,1,1,2,7,2,8,8,2,4,2,4,1,41,4,4
"ESS1e06_7",1,"6.7","23.11.2023",2639,"ES",0.7472,0.62165004,2.0200796,1.2557826,2,0,2,3,2,3,2,3,1,2,4,5,4,1,75,1,1
"ESS1e06_7",1,"6.7","23.11.2023",2640,"ES",0.7472,0.70023435,2.0200796,1.4145291,2,1,2,2,5,6,2,3,3,2,1,1,2,2,77,1,1
"ESS1e06_7",1,"6.7","23.11.2023",2641,"ES",1.4945,1.647645,2.0200796,3.3283741,2,1,2,2,3,2,2,2,2,4,1,5,4,1,50,5,1
"ESS1e06_7",1,"6.7","23.11.2023",2642,"ES",0.7472,0.82376736,2.0200796,1.6640756,2,2,1,2,1,5,2,1,1,5,2,10,5,1,36,5,1
"ESS1e06_7",1,"6.7","23.11.2023",2643,"ES",1.4945,1.4005624,2.0200796,2.8292475,3,1,2,2,3,5,2,3,3,2,4,2,3,2,82,1,2
"ESS1e06_7",1,"6.7","23.11.2023",2644,"ES",1.1209,0.5833423,2.0200796,1.1783979,1,1,2,2,2,0,2,2,1,2,4,3,4,1,29,3,1
"ESS1e06_7",1,"6.7","23.11.2023",2645,"ES",0.3736,0.35011718,2.0200796,0.70726454,0,66,2,2,3,6,2,3,2,2,2,4,2,2,65,1,2
"ESS1e06_7",1,"6.7","23.11.2023",2646,"ES",0.3736,0.35011718,2.0200796,0.70726454,5,0,2,2,3,5,2,1,3,2,2,7,4,2,63,1,2
"ESS1e06_7",1,"6.7","23.11.2023",2647,"ES",0.3736,0.19548374,2.0200796,0.39489272,3,2,2,2,3,6,2,3,3,2,2,5,4,1,53,3,2
"ESS1e06_7",1,"6.7","23.11.2023",2649,"ES",0.3723,0.45305887,2.0200796,0.91521496,1,66,2,1,2,6,2,8,8,2,2,4,3,2,70,1,4
"ESS1e06_7",1,"6.7","23.11.2023",2650,"ES",1.1168,1.598815,2.0200796,3.2297335,2,1,2,1,2,7,2,3,3,2,2,5,2,1,36,5,1
"ESS1e06_7",1,"6.7","23.11.2023",2651,"ES",0.3723,0.63880515,2.0200796,1.2904372,1,66,2,8,2,4,2,4,4,2,7,88,3,1,36,1,2
"ESS1e06_7",1,"6.7","23.11.2023",2653,"ES",0.7446,0.90611774,2.0200796,1.8304299,2,66,2,2,2,7,2,3,3,3,2,5,3,2,64,1,1
"ESS1e06_7",1,"6.7","23.11.2023",2655,"ES",0.3723,0.402214,2.0200796,0.8125043,3,66,2,1,2,0,2,4,4,2,2,3,2,1,67,1,2
"ESS1e06_7",1,"6.7","23.11.2023",2657,"ES",0.7446,0.804428,2.0200796,1.6250086,2,66,2,2,2,7,2,3,3,4,2,5,3,1,71,1,2
"ESS1e06_7",1,"6.7","23.11.2023",2658,"ES",1.8614,2.2651727,2.0200796,4.575829,2,66,2,8,2,6,2,4,4,2,2,88,3,2,63,1,1
"ESS1e06_7",1,"6.7","23.11.2023",2659,"ES",0.7613,1.3818507,2.0200796,2.7914484,2,66,2,2,2,2,2,2,2,3,4,6,4,1,44,2,2
"ESS1e06_7",1,"6.7","23.11.2023",2660,"ES",1.9033,3.1426158,2.0200796,6.3483343,0,0,2,2,2,3,2,3,3,3,3,88,3,1,19,2,1
"ESS1e06_7",1,"6.7","23.11.2023",2669,"ES",1.4532,1.0388838,2.0200796,2.098628,1,0,1,3,3,2,2,2,2,2,5,9,5,1,23,4,2
"ESS1e06_7",1,"6.7","23.11.2023",2674,"ES",0.3633,0.5831155,2.0200796,1.1779398,3,66,1,2,2,0,2,3,3,1,4,5,4,2,26,2,3
"ESS1e06_7",1,"6.7","23.11.2023",2675,"ES",1.4532,2.3994374,2.0200796,4.8470545,1,66,1,4,2,6,2,2,3,1,1,4,5,1,30,2,2
"ESS1e06_7",1,"6.7","23.11.2023",2677,"ES",0.7266,1.3188661,2.0200796,2.6642146,2,1,1,3,2,2,2,2,2,2,5,4,3,1,50,1,3
"ESS1e06_7",1,"6.7","23.11.2023",2678,"ES",1.8165,1.6202503,2.0200796,3.2730346,0,66,1,3,1,0,2,4,4,1,1,7,4,2,20,3,2
"ESS1e06_7",1,"6.7","23.11.2023",2684,"ES",0.4964,0.59199333,2.0200796,1.1958736,1,66,2,3,2,0,2,2,2,5,1,6,5,2,42,2,2
"ESS1e06_7",1,"6.7","23.11.2023",2687,"ES",1.9856,1.7710812,2.0200796,3.577725,2,0,2,3,3,5,2,2,2,4,2,7,3,2,24,3,1
"ESS1e06_7",1,"6.7","23.11.2023",2688,"ES",1.4892,1.9170991,2.0200796,3.8726928,1,66,2,1,2,7,2,8,8,8,8,6,8,2,80,1,3
"ESS1e06_7",1,"6.7","23.11.2023",2690,"ES",0.328,0.37485898,2.0200796,0.75724494,3,1,2,2,2,5,2,3,3,3,3,6,2,1,68,1,1
"ESS1e06_7",1,"6.7","23.11.2023",2694,"ES",1.3121,1.1703444,2.0200796,2.3641887,2,0,2,2,1,2,2,2,2,2,2,5,3,2,26,3,2
"ESS1e06_7",1,"6.7","23.11.2023",2695,"ES",0.9841,1.1736113,2.0200796,2.3707883,3,1,2,3,1,5,2,1,2,2,1,88,3,2,43,2,3
"ESS1e06_7",1,"6.7","23.11.2023",2696,"ES",0.656,1.1907187,2.0200796,2.4053464,1,3,2,2,1,5,2,2,2,1,1,88,3,1,50,2,2
"ESS1e06_7",1,"6.7","23.11.2023",2697,"ES",0.9841,1.2668662,2.0200796,2.5591705,1,2,2,2,2,8,2,2,2,3,3,88,4,2,61,1,1
"ESS1e06_7",1,"6.7","23.11.2023",2699,"ES",1.3121,0.93801224,2.0200796,1.8948594,3,2,2,2,3,5,2,1,1,4,4,4,4,1,27,4,1
"ESS1e06_7",1,"6.7","23.11.2023",2700,"ES",0.656,0.84449166,2.0200796,1.7059404,1,66,2,2,5,7,2,8,8,8,8,88,8,2,67,1,2
"ESS1e06_7",1,"6.7","23.11.2023",2703,"ES",1.5429,1.763323,2.0200796,3.5620527,3,1,2,2,2,4,2,3,3,4,2,5,4,1,56,1,1
"ESS1e06_7",1,"6.7","23.11.2023",2709,"ES",1.1572,1.8573666,2.0200796,3.7520282,0,66,2,2,1,6,2,3,3,8,8,88,2,2,15,2,2
"ESS1e06_7",1,"6.7","23.11.2023",2710,"ES",1.9287,1.3788159,2.0200796,2.785318,2,1,2,2,2,3,2,2,3,4,3,7,4,1,20,3,2
"ESS1e06_7",1,"6.7","23.11.2023",2711,"ES",1.1572,1.3541,2.0200796,2.7353897,2,77,2,2,1,9,2,2,3,4,2,5,4,2,63,5,2
"ESS1e06_7",1,"6.7","23.11.2023",2719,"ES",0.9604,0.6903049,2.0200796,1.3944708,4,66,2,3,3,8,1,1,1,3,3,0,1,1,41,3,2
"ESS1e06_7",1,"6.7","23.11.2023",2720,"ES",2.4009,1.5021279,2.0200796,3.0344179,2,1,2,2,3,5,2,2,2,3,4,0,3,2,54,3,2
"ESS1e06_7",1,"6.7","23.11.2023",2721,"ES",0.9604,0.60087615,2.0200796,1.2138177,3,66,2,2,1,0,2,1,1,1,4,0,5,2,36,3,1
"ESS1e06_7",1,"6.7","23.11.2023",2724,"ES",1.4406,1.7180209,2.0200796,3.470539,4,88,1,3,3,7,2,2,2,8,1,88,4,2,50,1,2
"ESS1e06_7",1,"6.7","23.11.2023",2725,"ES",0.885,1.0114335,2.0200796,2.0431762,0,66,2,3,2,2,2,2,2,3,3,5,3,1,60,1,2
"ESS1e06_7",1,"6.7","23.11.2023",2727,"ES",0.4425,0.7306297,2.0200796,1.4759301,3,1,2,3,2,2,2,2,2,4,3,5,3,1,29,2,3
"ESS1e06_7",1,"6.7","23.11.2023",2728,"ES",0.885,1.4612594,2.0200796,2.9518602,5,66,2,2,2,2,2,3,3,3,4,5,3,1,31,2,3
"ESS1e06_7",1,"6.7","23.11.2023",2729,"ES",1.3276,1.5172646,2.0200796,3.0649953,5,66,2,3,2,1,2,2,2,4,4,5,3,1,61,2,3
"ESS1e06_7",1,"6.7","23.11.2023",2730,"ES",1.3276,1.5832602,2.0200796,3.1983116,1,2,2,3,2,1,2,2,2,4,4,5,3,2,37,2,2
"ESS1e06_7",1,"6.7","23.11.2023",2737,"ES",0.8051,0.9201188,2.0200796,1.8587133,1,66,2,2,2,2,2,2,2,3,4,5,3,1,55,2,2
"ESS1e06_7",1,"6.7","23.11.2023",2740,"ES",0.8051,1.2922276,2.0200796,2.6104026,0,66,2,3,2,1,2,3,3,3,3,5,3,2,31,2,2
"ESS1e06_7",1,"6.7","23.11.2023",2744,"ES",1.2076,1.9939173,2.0200796,4.0278716,5,66,2,2,2,2,2,3,3,3,4,5,8,1,33,2,2
"ESS1e06_7",1,"6.7","23.11.2023",2745,"ES",2.0053,1.6742442,2.0200796,3.3821065,3,66,2,2,1,2,2,3,3,2,2,88,8,1,81,1,3
"ESS1e06_7",1,"6.7","23.11.2023",2746,"ES",1.3369,1.7727586,2.0200796,3.5811136,1,66,2,2,2,0,2,8,8,2,8,88,8,1,46,1,3
"ESS1e06_7",1,"6.7","23.11.2023",2747,"ES",0.6684,0.55805355,2.0200796,1.1273127,2,66,2,1,2,8,2,3,3,2,4,88,3,1,63,1,3
"ESS1e06_7",1,"6.7","23.11.2023",2749,"ES",0.6684,0.6285985,2.0200796,1.269819,2,66,1,2,4,6,2,8,8,8,8,88,8,2,74,1,3
"ESS1e06_7",1,"6.7","23.11.2023",2750,"ES",1.6711,2.215915,2.0200796,4.4763246,3,1,2,1,2,3,2,8,8,8,2,88,8,1,53,1,3
"ESS1e06_7",1,"6.7","23.11.2023",2751,"ES",1.3369,0.6110505,2.0200796,1.2343706,4,1,1,3,1,5,2,2,4,2,1,0,2,2,54,4,2
"ESS1e06_7",1,"6.7","23.11.2023",2752,"ES",1.3369,1.257291,2.0200796,2.5398278,0,66,2,2,2,7,2,4,4,8,2,88,3,2,66,1,3
"ESS1e06_7",1,"6.7","23.11.2023",2754,"ES",1.6711,1.5715903,2.0200796,3.1747375,2,1,2,1,2,2,2,8,8,2,1,88,3,2,58,1,2
"ESS1e06_7",1,"6.7","23.11.2023",2755,"ES",0.8197,0.7708889,2.0200796,1.557257,2,66,2,2,2,6,2,8,8,8,8,88,8,2,70,1,3
"ESS1e06_7",1,"6.7","23.11.2023",2757,"ES",2.8688,2.6979702,2.0200796,5.4501147,1,1,2,2,4,7,2,3,3,3,3,3,4,2,67,1,2
"ESS1e06_7",1,"6.7","23.11.2023",2758,"ES",0.4098,0.54340374,2.0200796,1.0977188,2,1,2,2,4,4,2,3,3,1,2,88,4,1,53,1,2
"ESS1e06_7",1,"6.7","23.11.2023",2759,"ES",1.2295,0.8011625,2.0200796,1.618412,1,1,2,2,1,1,2,8,8,3,3,88,3,2,18,3,2
"ESS1e06_7",1,"6.7","23.11.2023",2761,"ES",1.2295,1.0711713,2.0200796,2.1638513,66,66,2,3,4,0,2,8,8,4,8,88,8,2,42,1,4
"ESS1e06_7",1,"6.7","23.11.2023",2763,"ES",0.8197,0.7708889,2.0200796,1.557257,3,1,1,2,4,7,2,3,3,2,3,5,3,2,59,1,2
"ESS1e06_7",1,"6.7","23.11.2023",2764,"ES",2.459,2.026313,2.0200796,4.0933137,1,7,2,1,1,5,2,4,3,4,3,5,4,2,42,5,2
"ESS1e06_7",1,"6.7","23.11.2023",2770,"ES",1.5866,1.0338547,2.0200796,2.0884688,2,66,2,1,1,1,2,1,1,5,5,88,5,2,21,3,1
"ESS1e06_7",1,"6.7","23.11.2023",2773,"ES",0.7933,0.36258984,2.0200796,0.7324603,1,2,2,1,3,0,2,3,3,4,5,5,5,2,42,4,1
"ESS1e06_7",1,"6.7","23.11.2023",2774,"ES",0.7933,0.41655427,2.0200796,0.8414728,2,1,2,1,2,3,2,2,3,3,4,5,3,1,36,4,2
"ESS1e06_7",1,"6.7","23.11.2023",2775,"ES",1.1008,0.91906846,2.0200796,1.8565915,2,2,2,2,3,2,2,2,2,3,3,88,3,1,56,1,3
"ESS1e06_7",1,"6.7","23.11.2023",2776,"ES",0.7339,0.6901981,2.0200796,1.3942552,1,66,2,3,2,9,2,3,3,2,3,5,3,2,55,1,3
"ESS1e06_7",1,"6.7","23.11.2023",2779,"ES",1.1008,0.5780196,2.0200796,1.1676457,3,2,2,1,3,5,2,2,2,4,4,5,4,1,41,4,2
"ESS1e06_7",1,"6.7","23.11.2023",2789,"ES",1.1627,0.9707493,2.0200796,1.9609909,1,66,1,1,3,6,2,2,1,4,3,4,3,1,65,1,2
"ESS1e06_7",1,"6.7","23.11.2023",2790,"ES",0.7751,0.35427126,2.0200796,0.71565616,3,2,2,1,1,5,2,1,1,2,4,2,4,2,36,3,1
"ESS1e06_7",1,"6.7","23.11.2023",2793,"ES",1.1627,1.0934641,2.0200796,2.2088847,1,1,2,1,3,6,2,3,3,8,4,88,3,2,62,1,2
"ESS1e06_7",1,"6.7","23.11.2023",2795,"ES",0.4127,0.38812476,2.0200796,0.7840429,0,66,1,1,2,10,2,4,3,4,5,2,4,2,78,1,2
"ESS1e06_7",1,"6.7","23.11.2023",2798,"ES",1.238,2.017351,2.0200796,4.0752096,1,1,2,2,2,5,2,2,2,2,4,8,3,1,28,5,8
"ESS1e06_7",1,"6.7","23.11.2023",2801,"ES",1.6507,1.552405,2.0200796,3.1359818,1,66,2,1,2,6,2,3,2,4,4,8,4,2,59,1,2
"ESS1e06_7",1,"6.7","23.11.2023",2802,"ES",0.4127,0.38812476,2.0200796,0.7840429,66,66,2,1,3,5,2,4,4,8,4,88,8,2,75,1,3
"ESS1e06_7",1,"6.7","23.11.2023",2803,"ES",2.0633,1.7002407,2.0200796,3.4346216,2,1,2,1,3,5,2,1,1,2,4,5,5,2,39,5,2
"ESS1e06_7",1,"6.7","23.11.2023",2804,"ES",0.8253,0.7761555,2.0200796,1.5678959,0,66,2,1,2,6,2,4,3,3,3,3,8,2,70,1,2
"ESS1e06_7",1,"6.7","23.11.2023",2814,"ES",2.009,2.3602178,2.0200796,4.767828,1,1,2,2,2,4,2,3,3,3,3,7,4,2,29,5,2
"ESS1e06_7",1,"6.7","23.11.2023",2815,"ES",1.2951,0.84390855,2.0200796,1.7047625,0,1,2,4,2,5,2,3,1,3,3,0,4,2,16,3,2
"ESS1e06_7",1,"6.7","23.11.2023",2816,"ES",1.2951,1.1283237,2.0200796,2.2793036,1,1,2,1,2,7,2,4,4,3,4,7,4,2,52,1,2
"ESS1e06_7",1,"6.7","23.11.2023",2818,"ES",2.2664,2.662617,2.0200796,5.3786983,4,2,1,3,2,3,2,3,2,5,5,6,4,2,25,5,1
"ESS1e06_7",1,"6.7","23.11.2023",2819,"ES",0.3238,0.30451852,2.0200796,0.61515164,66,66,2,2,3,7,2,4,3,3,4,3,3,2,66,1,2
"ESS1e06_7",1,"6.7","23.11.2023",2821,"ES",0.9713,1.1389061,2.0200796,2.300681,2,66,2,3,2,3,2,4,2,8,2,10,4,2,32,2,1
"ESS1e06_7",1,"6.7","23.11.2023",2822,"ES",0.6475,0.7592317,2.0200796,1.5337085,1,66,1,3,2,6,2,2,2,3,5,7,3,2,32,2,3
"ESS1e06_7",1,"6.7","23.11.2023",2828,"ES",1.5847,1.3806305,2.0200796,2.7889836,2,1,2,2,4,6,2,8,8,3,4,3,3,2,46,2,2
"ESS1e06_7",1,"6.7","23.11.2023",2835,"ES",0.7746,0.94262534,2.0200796,1.9041783,1,1,2,2,2,6,2,2,2,3,3,3,4,2,75,1,2
"ESS1e06_7",1,"6.7","23.11.2023",2841,"ES",1.5493,1.0470012,2.0200796,2.1150258,2,2,2,2,2,5,2,2,2,2,5,0,4,1,19,3,1
"ESS1e06_7",1,"6.7","23.11.2023",2842,"ES",1.5493,1.673785,2.0200796,3.3811789,1,1,2,2,2,5,2,2,2,4,4,2,3,1,66,2,2
"ESS1e06_7",1,"6.7","23.11.2023",2845,"ES",0.7746,0.4543951,2.0200796,0.9179143,2,1,2,2,2,6,2,2,2,4,2,2,2,2,61,3,1
"ESS1e06_7",1,"6.7","23.11.2023",2846,"ES",0.7746,0.4581212,2.0200796,0.9254413,2,1,2,8,2,5,2,3,3,1,8,0,3,2,40,3,1
"ESS1e06_7",1,"6.7","23.11.2023",2847,"ES",0.3789,0.46109053,2.0200796,0.9314396,1,66,2,3,3,7,2,3,3,3,2,88,3,2,74,1,2
"ESS1e06_7",1,"6.7","23.11.2023",2849,"ES",0.7577,1.1518453,2.0200796,2.3268192,2,0,2,2,2,5,2,2,2,3,4,88,4,2,32,5,1
"ESS1e06_7",1,"6.7","23.11.2023",2850,"ES",1.1366,1.38315,2.0200796,2.794073,1,66,2,3,2,6,2,3,3,2,2,2,2,2,55,1,2
"ESS1e06_7",1,"6.7","23.11.2023",2855,"ES",0.7577,0.5253375,2.0200796,1.0612236,3,2,2,2,2,2,2,3,3,2,8,0,4,1,55,3,2
"ESS1e06_7",1,"6.7","23.11.2023",2856,"ES",1.5154,1.2777447,2.0200796,2.581146,0,66,2,2,2,4,2,2,2,3,4,0,4,2,17,3,1
"ESS1e06_7",1,"6.7","23.11.2023",2858,"ES",0.7577,0.5253375,2.0200796,1.0612236,1,1,2,2,2,0,2,3,3,3,4,0,4,1,66,3,1
"ESS1e06_7",1,"6.7","23.11.2023",2859,"ES",0.3944,0.42608973,2.0200796,0.8607352,2,1,2,1,2,0,2,3,3,2,4,3,4,1,71,1,2
"ESS1e06_7",1,"6.7","23.11.2023",2860,"ES",0.7887,0.95978385,2.0200796,1.9388398,2,66,2,1,2,5,2,3,3,2,2,1,3,2,72,1,2
"ESS1e06_7",1,"6.7","23.11.2023",2862,"ES",0.3944,0.47995278,2.0200796,0.9695428,1,66,2,1,3,7,2,3,3,3,8,3,8,2,81,2,2
"ESS1e06_7",1,"6.7","23.11.2023",2863,"ES",0.7887,0.8520714,2.0200796,1.7212521,2,2,2,1,2,5,2,3,3,2,2,2,3,1,82,1,2
"ESS1e06_7",1,"6.7","23.11.2023",2864,"ES",0.3944,0.47995278,2.0200796,0.9695428,1,66,2,2,3,6,2,2,2,4,4,4,4,2,66,1,2
"ESS1e06_7",1,"6.7","23.11.2023",2866,"ES",1.1831,0.80385983,2.0200796,1.6238608,2,1,2,1,1,0,2,2,3,1,1,1,3,1,39,3,1
"ESS1e06_7",1,"6.7","23.11.2023",2867,"ES",0.7887,0.95978385,2.0200796,1.9388398,1,66,2,1,2,6,2,2,2,2,2,3,2,2,73,1,2
"ESS1e06_7",1,"6.7","23.11.2023",2869,"ES",1.2045,0.86575615,2.0200796,1.7488964,3,1,2,1,1,2,2,3,3,4,4,2,2,1,38,4,1
"ESS1e06_7",1,"6.7","23.11.2023",2872,"ES",1.6061,1.0048597,2.0200796,2.0298965,2,1,1,2,1,4,2,3,3,4,5,4,1,2,39,3,1
"ESS1e06_7",1,"6.7","23.11.2023",2873,"ES",1.2045,0.86575615,2.0200796,1.7488964,2,2,1,2,1,3,2,3,3,3,5,7,1,1,46,3,1
"ESS1e06_7",1,"6.7","23.11.2023",2874,"ES",0.803,0.50239855,2.0200796,1.0148851,2,0,2,1,1,7,2,3,3,8,5,6,2,2,49,3,1
"ESS1e06_7",1,"6.7","23.11.2023",2875,"ES",1.6061,1.0048597,2.0200796,2.0298965,2,1,2,2,2,6,2,3,3,4,5,3,2,2,40,3,1
"ESS1e06_7",1,"6.7","23.11.2023",2877,"ES",1.2045,0.86575615,2.0200796,1.7488964,2,2,1,1,1,3,2,2,3,4,5,3,1,1,52,4,1
"ESS1e06_7",1,"6.7","23.11.2023",2879,"ES",1.4268,1.7015634,2.0200796,3.4372935,2,1,2,2,1,6,2,3,3,3,5,3,1,2,43,2,1
"ESS1e06_7",1,"6.7","23.11.2023",2880,"ES",0.7134,0.51276916,2.0200796,1.0358346,2,2,2,2,1,3,2,2,3,3,5,3,1,1,52,3,1
"ESS1e06_7",1,"6.7","23.11.2023",2881,"ES",1.0701,1.2761725,2.0200796,2.57797,2,1,2,1,1,6,2,3,3,3,5,2,2,2,38,2,1
"ESS1e06_7",1,"6.7","23.11.2023",2884,"ES",0.7134,0.51276916,2.0200796,1.0358346,1,1,2,1,1,3,2,2,2,3,4,3,2,1,51,3,1
"ESS1e06_7",1,"6.7","23.11.2023",2889,"ES",0.3608,0.25933152,2.0200796,0.52387035,2,1,2,1,2,4,2,3,3,2,5,6,1,1,44,3,1
"ESS1e06_7",1,"6.7","23.11.2023",2891,"ES",1.0824,1.2908412,2.0200796,2.6076021,2,1,2,1,2,4,2,3,3,3,5,6,2,2,41,2,1
"ESS1e06_7",1,"6.7","23.11.2023",2892,"ES",0.3608,0.54641074,2.0200796,1.1037931,2,1,2,1,1,3,2,3,3,3,5,6,1,1,48,5,2
"ESS1e06_7",1,"6.7","23.11.2023",2893,"ES",1.0824,0.67720574,2.0200796,1.3680096,2,66,2,1,2,5,2,3,3,2,4,6,2,2,39,3,1
"ESS1e06_7",1,"6.7","23.11.2023",2900,"ES",1.4757,0.92327464,2.0200796,1.8650882,1,66,2,1,1,5,2,3,3,3,5,6,2,2,42,3,1
"ESS1e06_7",1,"6.7","23.11.2023",2902,"ES",0.3689,0.26515356,2.0200796,0.5356313,2,1,2,1,1,3,2,3,2,3,5,6,2,1,37,4,1
"ESS1e06_7",1,"6.7","23.11.2023",2906,"ES",0.7379,0.6581793,2.0200796,1.3295746,1,66,2,1,1,4,2,3,3,3,4,4,2,2,25,3,2
"ESS1e06_7",1,"6.7","23.11.2023",2907,"ES",1.4757,1.054969,2.0200796,2.1311212,2,1,2,2,1,3,2,2,3,4,5,5,2,1,22,3,2
"ESS1e06_7",1,"6.7","23.11.2023",2910,"ES",0.3759,0.23326974,2.0200796,0.47122344,2,1,1,4,1,0,2,3,3,1,1,0,2,2,72,3,3
"ESS1e06_7",1,"6.7","23.11.2023",2914,"ES",1.1276,1.8618261,2.0200796,3.7610369,2,66,2,2,1,6,2,3,3,2,3,0,4,1,17,2,2
"ESS1e06_7",1,"6.7","23.11.2023",2915,"ES",0.3759,0.48390916,2.0200796,0.977535,3,66,2,2,4,0,2,2,3,8,8,2,2,2,62,1,2
"ESS1e06_7",1,"6.7","23.11.2023",2916,"ES",0.3759,0.6045039,2.0200796,1.2211461,2,66,2,2,1,1,2,8,8,4,4,4,5,2,32,5,1
"ESS1e06_7",1,"6.7","23.11.2023",2917,"ES",1.5034,0.9329548,2.0200796,1.884643,2,0,2,2,2,6,2,3,3,4,4,0,4,2,57,3,3
"ESS1e06_7",1,"6.7","23.11.2023",2918,"ES",1.1276,0.70548517,2.0200796,1.4251362,1,0,2,3,3,7,2,3,3,2,2,0,4,2,46,3,1
"ESS1e06_7",1,"6.7","23.11.2023",2919,"ES",0.7517,1.1384063,2.0200796,2.2996714,0,66,2,2,2,0,2,1,1,3,4,2,4,1,43,5,1
"ESS1e06_7",1,"6.7","23.11.2023",2920,"ES",1.8793,2.4192884,2.0200796,4.887155,66,66,1,4,5,10,2,1,1,4,4,0,4,2,55,1,4
"ESS1e06_7",1,"6.7","23.11.2023",2921,"ES",1.0994,0.78595436,2.0200796,1.5876904,2,1,2,2,2,1,2,2,2,2,2,3,3,1,25,4,2
"ESS1e06_7",1,"6.7","23.11.2023",2923,"ES",1.4658,1.7480737,2.0200796,3.531248,1,66,2,2,4,6,2,3,4,3,4,88,2,2,52,1,1
"ESS1e06_7",1,"6.7","23.11.2023",2927,"ES",0.7329,0.8376041,2.0200796,1.692027,3,2,1,2,2,5,2,2,2,3,4,5,8,1,58,2,1
"ESS1e06_7",1,"6.7","23.11.2023",2928,"ES",1.4658,1.7480737,2.0200796,3.531248,2,66,2,2,2,6,2,3,3,3,4,7,2,2,43,2,1
"ESS1e06_7",1,"6.7","23.11.2023",2930,"ES",0.7329,0.6537195,2.0200796,1.3205655,2,1,2,2,1,3,2,3,3,3,4,88,2,2,33,3,1
"ESS1e06_7",1,"6.7","23.11.2023",2931,"ES",0.7329,1.1786138,2.0200796,2.3808937,2,66,2,2,3,3,2,8,8,2,2,88,3,2,31,5,1
"ESS1e06_7",1,"6.7","23.11.2023",2935,"ES",0.7216,0.9722963,2.0200796,1.964116,2,66,2,3,2,0,2,1,1,3,3,9,5,2,35,5,1
"ESS1e06_7",1,"6.7","23.11.2023",2940,"ES",1.0825,0.948415,2.0200796,1.9158738,4,3,2,2,3,10,2,1,1,8,4,5,5,1,75,3,1
"ESS1e06_7",1,"6.7","23.11.2023",2944,"ES",0.7678,1.1806986,2.0200796,2.3851051,2,66,1,2,3,77,2,4,3,4,2,1,5,2,68,1,2
"ESS1e06_7",1,"6.7","23.11.2023",2945,"ES",0.7678,1.0732226,2.0200796,2.1679952,2,66,2,2,2,9,2,2,2,4,2,1,4,2,62,5,2
"ESS1e06_7",1,"6.7","23.11.2023",2948,"ES",0.7678,1.1806986,2.0200796,2.3851051,2,66,1,2,2,4,2,3,3,5,2,0,8,2,70,1,2
"ESS1e06_7",1,"6.7","23.11.2023",2949,"ES",0.7678,1.0481939,2.0200796,2.1174352,7,66,2,1,3,6,2,3,3,8,2,0,5,1,69,1,2
"ESS1e06_7",1,"6.7","23.11.2023",2954,"ES",0.4376,0.6729275,2.0200796,1.3593671,2,2,1,1,2,9,2,8,8,8,8,88,8,2,71,1,2
"ESS1e06_7",1,"6.7","23.11.2023",2960,"ES",0.8752,1.6780154,2.0200796,3.3897245,0,66,1,1,2,3,2,3,3,4,2,2,5,2,31,2,2
"ESS1e06_7",1,"6.7","23.11.2023",2961,"ES",0.8752,1.6780154,2.0200796,3.3897245,0,66,1,2,2,2,2,2,2,8,2,0,5,2,31,2,2
"ESS1e06_7",1,"6.7","23.11.2023",2963,"ES",1.0106,1.3616999,2.0200796,2.7507422,2,66,1,2,2,5,1,2,2,8,8,88,8,2,50,5,1
"ESS1e06_7",1,"6.7","23.11.2023",2964,"ES",0.3369,0.4799384,2.0200796,0.9695138,3,66,2,2,4,3,2,3,3,3,4,7,8,2,51,2,2
"ESS1e06_7",1,"6.7","23.11.2023",2966,"ES",0.6737,1.0359946,2.0200796,2.0927916,0,66,2,2,3,3,2,3,3,3,8,88,8,2,78,1,2
"ESS1e06_7",1,"6.7","23.11.2023",2967,"ES",1.0106,1.3616999,2.0200796,2.7507422,3,66,1,2,2,2,2,4,4,8,2,88,3,2,36,5,3
"ESS1e06_7",1,"6.7","23.11.2023",2970,"ES",0.6737,0.91972935,2.0200796,1.8579265,6,66,1,2,3,8,2,1,1,8,8,5,8,1,76,1,2
"ESS1e06_7",1,"6.7","23.11.2023",2971,"ES",0.3369,0.60947114,2.0200796,1.2311802,1,66,1,3,4,8,2,1,1,4,2,7,3,1,46,5,2
"ESS1e06_7",1,"6.7","23.11.2023",2975,"ES",0.7143,0.9895088,2.0200796,1.9988866,1,2,2,1,2,5,2,2,2,2,2,7,3,1,63,5,1
"ESS1e06_7",1,"6.7","23.11.2023",2976,"ES",0.3571,0.31286743,2.0200796,0.63201714,2,1,2,2,2,2,2,3,3,2,8,7,2,1,67,3,2
"ESS1e06_7",1,"6.7","23.11.2023",2978,"ES",0.3571,0.26471305,2.0200796,0.53474146,4,1,1,3,3,3,2,3,3,2,8,88,1,2,70,3,1
"ESS1e06_7",1,"6.7","23.11.2023",2982,"ES",0.3571,0.48750982,2.0200796,0.9848086,0,0,2,2,2,0,2,4,4,8,8,88,1,1,62,2,2
"ESS1e06_7",1,"6.7","23.11.2023",2983,"ES",0.7143,0.61329424,2.0200796,1.2389032,2,1,2,2,2,1,2,3,3,3,3,8,3,1,47,3,2
"ESS1e06_7",1,"6.7","23.11.2023",2984,"ES",0.3571,0.6460141,2.0200796,1.305,2,2,2,2,3,0,2,2,2,3,1,5,3,1,52,5,2
"ESS1e06_7",1,"6.7","23.11.2023",2985,"ES",0.3571,0.26471305,2.0200796,0.53474146,2,3,2,3,2,8,2,2,2,4,8,88,4,2,76,3,1
"ESS1e06_7",1,"6.7","23.11.2023",2986,"ES",1.7857,3.4303207,2.0200796,6.929521,2,0,2,2,2,0,2,3,3,2,2,7,2,2,21,5,1
"ESS1e06_7",1,"6.7","23.11.2023",2990,"ES",1.0976,1.0756122,2.0200796,2.1728222,3,66,2,1,3,5,2,2,2,2,1,5,4,2,68,1,2
"ESS1e06_7",1,"6.7","23.11.2023",2993,"ES",0.3659,0.31832927,2.0200796,0.6430505,1,1,1,3,4,7,2,1,3,1,1,1,2,1,76,1,2
"ESS1e06_7",1,"6.7","23.11.2023",2999,"ES",0.6878,0.32757828,2.0200796,0.6617342,1,66,2,2,2,7,2,2,2,2,1,10,4,2,36,3,2
"ESS1e06_7",1,"6.7","23.11.2023",3001,"ES",1.7196,1.1676004,2.0200796,2.3586457,66,2,2,1,2,2,2,2,2,3,3,8,2,2,20,3,2
"ESS1e06_7",1,"6.7","23.11.2023",3002,"ES",0.3439,0.4322513,2.0200796,0.87318206,1,66,2,1,2,0,2,2,2,2,2,8,4,1,27,1,4
"ESS1e06_7",1,"6.7","23.11.2023",3003,"ES",0.6878,0.598379,2.0200796,1.2087733,1,66,8,1,2,8,2,1,1,3,3,8,5,1,62,1,3
"ESS1e06_7",1,"6.7","23.11.2023",3005,"ES",0.3439,0.33701077,2.0200796,0.6807886,1,66,2,1,2,8,2,1,1,8,1,8,4,2,65,1,4
"ESS1e06_7",1,"6.7","23.11.2023",3006,"ES",1.3756,1.196758,2.0200796,2.4175465,1,1,2,1,4,0,2,2,2,2,3,7,5,1,55,1,2
"ESS1e06_7",1,"6.7","23.11.2023",3007,"ES",0.7573,0.41435906,2.0200796,0.8370383,1,2,2,2,3,0,2,1,1,4,5,9,5,1,53,3,1
"ESS1e06_7",1,"6.7","23.11.2023",3008,"ES",1.5146,1.3176866,2.0200796,2.6618319,2,66,2,2,1,0,2,1,1,4,1,10,1,1,57,1,2
"ESS1e06_7",1,"6.7","23.11.2023",3011,"ES",1.8932,2.3795817,2.0200796,4.8069444,2,66,2,1,1,8,2,1,1,4,4,5,5,1,17,2,2
"ESS1e06_7",1,"6.7","23.11.2023",3014,"ES",1.8932,2.3176262,2.0200796,4.6817894,2,1,1,3,1,6,2,1,1,2,2,7,5,2,27,5,2
"ESS1e06_7",1,"6.7","23.11.2023",3015,"ES",0.7573,1.0463895,2.0200796,2.11379,1,66,2,2,2,0,2,2,2,5,3,88,5,1,53,1,3
"ESS1e06_7",1,"6.7","23.11.2023",3016,"ES",0.7573,0.6588433,2.0200796,1.3309159,0,66,2,2,3,0,2,8,8,8,1,88,3,1,89,1,2
"ESS1e06_7",1,"6.7","23.11.2023",3018,"ES",1.3416,1.1671784,2.0200796,2.3577933,3,1,2,4,2,5,2,1,1,3,1,3,4,1,72,2,4
"ESS1e06_7",1,"6.7","23.11.2023",3020,"ES",0.3354,0.4634346,2.0200796,0.9361748,2,66,2,3,4,3,2,8,8,2,2,2,2,1,49,2,4
"ESS1e06_7",1,"6.7","23.11.2023",3023,"ES",1.0062,1.2294011,2.0200796,2.483488,1,66,1,3,2,2,2,1,1,5,1,2,4,2,18,2,1
"ESS1e06_7",1,"6.7","23.11.2023",3025,"ES",1.3416,0.73010397,2.0200796,1.4748682,2,2,2,2,2,0,2,2,2,4,1,9,4,1,22,4,2
"ESS1e06_7",1,"6.7","23.11.2023",3026,"ES",1.0062,1.2294011,2.0200796,2.483488,2,2,1,3,2,4,2,3,3,1,1,2,3,2,22,2,3
"ESS1e06_7",1,"6.7","23.11.2023",3027,"ES",1.3411,0.7298319,2.0200796,1.4743185,5,0,1,2,3,5,2,1,1,5,2,3,4,1,18,4,3
"ESS1e06_7",1,"6.7","23.11.2023",3028,"ES",0.6706,0.84288377,2.0200796,1.7026923,2,66,2,1,1,1,2,4,4,1,1,0,1,1,21,1,4
"ESS1e06_7",1,"6.7","23.11.2023",3029,"ES",0.6706,0.9265929,2.0200796,1.8717914,0,0,2,1,2,5,2,3,3,1,1,0,2,1,39,1,3
"ESS1e06_7",1,"6.7","23.11.2023",3030,"ES",1.6764,2.1070838,2.0200796,4.256477,1,2,1,1,1,2,2,3,3,2,1,5,4,1,22,2,3
"ESS1e06_7",1,"6.7","23.11.2023",3031,"ES",0.3353,0.18247157,2.0200796,0.3686071,2,1,2,2,2,0,2,1,1,5,2,0,5,1,34,4,3
"ESS1e06_7",1,"6.7","23.11.2023",3033,"ES",0.6706,0.9265929,2.0200796,1.8717914,2,1,2,3,2,4,2,3,2,2,2,5,4,1,36,2,3
"ESS1e06_7",1,"6.7","23.11.2023",3035,"ES",1.3411,0.73378706,2.0200796,1.4823083,3,2,2,2,2,0,2,4,4,1,2,0,1,1,36,4,2
"ESS1e06_7",1,"6.7","23.11.2023",3036,"ES",1.0058,1.3897511,2.0200796,2.8074079,2,66,2,3,2,0,2,2,2,2,1,1,3,1,46,1,3
"ESS1e06_7",1,"6.7","23.11.2023",3038,"ES",0.8107,1.1201742,2.0200796,2.262841,1,66,2,2,2,0,2,3,2,2,5,5,5,1,40,2,2
"ESS1e06_7",1,"6.7","23.11.2023",3039,"ES",1.216,1.1039228,2.0200796,2.230012,1,66,1,2,2,3,2,3,3,1,5,8,3,2,41,1,3
"ESS1e06_7",1,"6.7","23.11.2023",3040,"ES",0.8107,0.7944596,2.0200796,1.6048716,1,66,2,1,3,8,2,3,3,1,3,88,3,2,72,1,3
"ESS1e06_7",1,"6.7","23.11.2023",3041,"ES",2.4321,3.0569305,2.0200796,6.175243,0,66,1,1,1,0,2,3,2,1,4,7,4,1,16,2,3
"ESS1e06_7",1,"6.7","23.11.2023",3045,"ES",0.4053,0.35260686,2.0200796,0.7122939,2,66,2,2,3,0,2,2,2,2,3,88,5,1,91,1,3
"ESS1e06_7",1,"6.7","23.11.2023",3046,"ES",0.8107,1.0189768,2.0200796,2.0584142,2,66,2,1,2,0,2,2,2,1,3,88,3,1,34,2,2
"ESS1e06_7",1,"6.7","23.11.2023",3047,"ES",1.0685,1.0470952,2.0200796,2.1152155,5,66,2,1,4,2,2,1,1,3,1,5,4,2,59,1,3
"ESS1e06_7",1,"6.7","23.11.2023",3049,"ES",0.3562,0.34906438,2.0200796,0.70513785,6,1,2,1,3,9,2,8,1,3,2,2,4,2,74,1,3
"ESS1e06_7",1,"6.7","23.11.2023",3050,"ES",1.4247,1.7907195,2.0200796,3.6173959,2,66,2,2,1,2,2,8,8,8,8,88,8,1,15,2,3
"ESS1e06_7",1,"6.7","23.11.2023",3051,"ES",1.0685,0.5846331,2.0200796,1.1810055,1,1,2,1,1,9,2,1,1,5,3,1,5,1,46,3,2
"ESS1e06_7",1,"6.7","23.11.2023",3052,"ES",1.7809,2.2384307,2.0200796,4.521808,2,2,1,1,2,7,2,8,8,5,3,7,4,1,32,2,2
"ESS1e06_7",1,"6.7","23.11.2023",3053,"ES",1.4247,1.2933872,2.0200796,2.612745,2,66,2,1,3,4,2,1,1,2,1,2,5,2,53,1,2
"ESS1e06_7",1,"6.7","23.11.2023",3055,"ES",0.7124,0.33929452,2.0200796,0.685402,3,66,2,1,2,5,2,4,2,2,1,9,4,2,39,3,2
"ESS1e06_7",1,"6.7","23.11.2023",3056,"ES",0.7124,0.69812876,2.0200796,1.4102757,1,66,2,1,2,5,2,1,2,8,1,0,4,2,65,1,2
"ESS1e06_7",1,"6.7","23.11.2023",3057,"ES",0.6624,0.57628125,2.0200796,1.164134,3,66,1,1,4,0,2,3,3,5,1,2,5,1,60,1,2
"ESS1e06_7",1,"6.7","23.11.2023",3059,"ES",0.3312,0.28814062,2.0200796,0.582067,2,66,2,2,4,1,1,1,1,2,1,1,2,1,77,1,3
"ESS1e06_7",1,"6.7","23.11.2023",3060,"ES",0.6624,0.60134745,2.0200796,1.2147697,2,66,2,1,1,6,2,2,2,5,2,2,4,2,44,1,3
"ESS1e06_7",1,"6.7","23.11.2023",3061,"ES",1.3248,1.2982608,2.0200796,2.6225903,2,66,2,1,4,5,2,2,2,1,2,88,3,2,68,1,3
"ESS1e06_7",1,"6.7","23.11.2023",3062,"ES",0.6624,0.57628125,2.0200796,1.164134,2,66,2,1,4,0,2,3,3,1,2,88,4,1,68,1,4
"ESS1e06_7",1,"6.7","23.11.2023",3064,"ES",1.9871,2.4976056,2.0200796,5.045362,5,0,2,1,1,0,2,1,1,2,1,4,4,1,20,2,2
"ESS1e06_7",1,"6.7","23.11.2023",3065,"ES",0.9936,0.9020211,2.0200796,1.8221544,5,66,2,2,2,5,2,3,3,2,1,1,3,2,54,1,2
"ESS1e06_7",1,"6.7","23.11.2023",3066,"ES",0.9936,0.9020211,2.0200796,1.8221544,2,66,1,1,3,5,2,4,3,2,1,1,1,2,43,1,4
"ESS1e06_7",1,"6.7","23.11.2023",3068,"ES",1.3954,1.2667878,2.0200796,2.5590122,0,66,2,4,3,8,2,2,2,3,2,3,4,2,47,2,2
"ESS1e06_7",1,"6.7","23.11.2023",3069,"ES",0.6977,0.47373506,2.0200796,0.95698255,3,66,1,3,3,7,2,4,4,3,1,88,2,2,32,4,1
"ESS1e06_7",1,"6.7","23.11.2023",3071,"ES",1.0466,1.2812315,2.0200796,2.5881896,1,66,2,4,2,6,2,2,3,1,1,4,4,2,24,5,3
"ESS1e06_7",1,"6.7","23.11.2023",3072,"ES",1.3954,1.2667878,2.0200796,2.5590122,2,66,2,3,2,6,2,1,2,2,3,5,4,2,51,2,2
"ESS1e06_7",1,"6.7","23.11.2023",3077,"ES",0.3489,0.23690148,2.0200796,0.47855985,0,0,2,4,2,4,2,2,2,4,3,4,4,2,24,3,1
"ESS1e06_7",1,"6.7","23.11.2023",3079,"ES",1.7196,2.9198663,2.0200796,5.8983626,3,1,1,2,2,3,2,1,1,2,4,3,4,1,32,5,1
"ESS1e06_7",1,"6.7","23.11.2023",3082,"ES",1.2897,1.2638639,2.0200796,2.5531058,2,66,2,4,3,7,2,1,2,4,2,6,3,2,70,1,3
"ESS1e06_7",1,"6.7","23.11.2023",3083,"ES",0.8598,0.40949667,2.0200796,0.82721585,2,2,2,3,2,3,2,2,2,2,1,5,4,2,38,3,2
"ESS1e06_7",1,"6.7","23.11.2023",3086,"ES",0.4299,0.32748356,2.0200796,0.6615429,0,66,2,4,3,8,2,8,8,8,8,88,8,2,82,77,2
"ESS1e06_7",1,"6.7","23.11.2023",3087,"ES",1.2897,1.5757887,2.0200796,3.1832187,0,66,2,1,2,7,2,4,3,2,4,88,2,2,15,1,3
"ESS1e06_7",1,"6.7","23.11.2023",3088,"ES",0.8598,0.40616602,2.0200796,0.8204877,2,1,1,3,3,6,2,2,2,2,8,2,4,2,58,3,1
"ESS1e06_7",1,"6.7","23.11.2023",3092,"ES",1.0639,1.4700301,2.0200796,2.9695778,3,66,2,1,2,2,2,1,1,2,3,88,4,1,39,1,3
"ESS1e06_7",1,"6.7","23.11.2023",3094,"ES",1.0639,0.57897854,2.0200796,1.1695827,2,66,1,1,2,0,2,3,3,4,1,8,4,1,27,3,2
"ESS1e06_7",1,"6.7","23.11.2023",3100,"ES",1.0639,1.8064933,2.0200796,3.6492603,3,2,2,3,2,1,2,3,3,1,1,5,5,1,25,5,2
"ESS1e06_7",1,"6.7","23.11.2023",3101,"ES",0.3546,0.34749645,2.0200796,0.7019705,2,1,1,3,3,2,2,8,8,2,8,88,8,2,58,2,1
"ESS1e06_7",1,"6.7","23.11.2023",3103,"ES",0.7622,0.74693114,2.0200796,1.5088603,3,66,2,3,4,5,2,3,3,2,2,88,3,2,85,1,2
"ESS1e06_7",1,"6.7","23.11.2023",3105,"ES",1.1433,1.1203967,2.0200796,2.2632906,3,1,2,4,3,6,8,1,3,4,1,8,4,2,61,1,2
"ESS1e06_7",1,"6.7","23.11.2023",3109,"ES",0.7622,0.9312756,2.0200796,1.8812509,1,66,1,4,3,8,2,4,2,1,2,3,5,2,34,2,3
"ESS1e06_7",1,"6.7","23.11.2023",3111,"ES",1.1433,1.3969134,2.0200796,2.8218763,1,66,2,3,1,3,2,8,8,8,8,88,8,2,15,2,8
"ESS1e06_7",1,"6.7","23.11.2023",3112,"ES",1.5244,1.3838979,2.0200796,2.795584,2,66,1,2,2,8,2,2,2,5,3,88,4,2,54,1,2
"ESS1e06_7",1,"6.7","23.11.2023",3113,"ES",0.7622,0.9312756,2.0200796,1.8812509,1,66,1,4,3,3,2,1,1,5,3,2,4,2,26,1,1
"ESS1e06_7",1,"6.7","23.11.2023",3115,"ES",0.8668,0.7541072,2.0200796,1.5233566,2,2,1,2,2,7,2,1,2,2,4,3,4,1,65,2,2
"ESS1e06_7",1,"6.7","23.11.2023",3116,"ES",1.7336,0.9434319,2.0200796,1.9058076,0,2,1,2,2,6,2,1,1,3,3,88,4,1,22,3,1
"ESS1e06_7",1,"6.7","23.11.2023",3117,"ES",0.8668,0.74428916,2.0200796,1.5035233,2,66,1,3,2,7,2,4,2,4,1,6,4,2,35,5,1
"ESS1e06_7",1,"6.7","23.11.2023",3120,"ES",0.8668,0.84943575,2.0200796,1.7159278,3,66,2,1,3,5,2,3,3,2,3,88,3,2,75,1,4
"ESS1e06_7",1,"6.7","23.11.2023",3133,"ES",0.8882,1.0808673,2.0200796,2.183438,2,66,2,1,3,6,2,8,4,8,1,88,1,2,85,1,2
"ESS1e06_7",1,"6.7","23.11.2023",3135,"ES",1.7763,1.9190242,2.0200796,3.8765817,1,1,1,4,3,3,2,4,1,2,3,7,5,1,55,2,2
"ESS1e06_7",1,"6.7","23.11.2023",3136,"ES",1.3323,1.9073255,2.0200796,3.8529494,3,1,2,1,2,5,2,2,2,1,4,5,4,1,49,5,2
"ESS1e06_7",1,"6.7","23.11.2023",3139,"ES",0.7915,0.7140872,2.0200796,1.442513,3,66,2,2,3,7,2,4,4,1,2,6,1,1,69,1,2
"ESS1e06_7",1,"6.7","23.11.2023",3142,"ES",0.7915,0.7140872,2.0200796,1.442513,3,2,2,1,3,0,2,2,2,1,1,5,4,1,72,2,2
"ESS1e06_7",1,"6.7","23.11.2023",3145,"ES",0.7915,0.7140872,2.0200796,1.442513,4,66,2,2,2,8,1,2,2,1,2,88,3,1,68,1,2
"ESS1e06_7",1,"6.7","23.11.2023",3151,"ES",0.9674,0.5459513,2.0200796,1.1028651,3,2,2,1,2,5,2,3,3,2,5,6,4,1,34,3,2
"ESS1e06_7",1,"6.7","23.11.2023",3152,"ES",2.4184,1.3648218,2.0200796,2.7570486,2,2,2,2,2,3,2,3,3,1,1,88,3,1,32,3,2
"ESS1e06_7",1,"6.7","23.11.2023",3153,"ES",1.4511,1.3091749,2.0200796,2.6446376,3,66,2,3,3,0,2,2,2,3,2,88,4,1,64,1,2
"ESS1e06_7",1,"6.7","23.11.2023",3154,"ES",1.4511,1.3091749,2.0200796,2.6446376,1,66,1,2,3,7,2,2,3,1,1,88,8,1,83,1,2
"ESS1e06_7",1,"6.7","23.11.2023",3155,"ES",1.4511,1.3661193,2.0200796,2.7596698,66,66,2,2,2,6,2,3,3,2,2,4,4,2,54,1,2
"ESS1e06_7",1,"6.7","23.11.2023",3156,"ES",0.4837,0.43639162,2.0200796,0.88154584,2,66,2,1,2,4,2,8,8,2,2,5,3,1,75,1,2
"ESS1e06_7",1,"6.7","23.11.2023",3160,"ES",0.8811,0.79492384,2.0200796,1.6058095,1,0,2,3,3,7,2,2,2,2,2,88,2,1,86,1,2
"ESS1e06_7",1,"6.7","23.11.2023",3163,"ES",0.4405,0.44765526,2.0200796,0.90429926,2,66,2,1,3,9,2,8,8,3,8,88,2,2,85,1,2
"ESS1e06_7",1,"6.7","23.11.2023",3165,"ES",2.6433,3.3492062,2.0200796,6.765663,2,1,2,2,2,8,2,3,3,8,8,4,4,2,34,1,3
"ESS1e06_7",1,"6.7","23.11.2023",3168,"ES",0.8811,0.79492384,2.0200796,1.6058095,2,1,2,1,2,7,2,2,3,1,1,9,1,1,72,1,2
"ESS1e06_7",1,"6.7","23.11.2023",3170,"ES",1.4369,1.2963637,2.0200796,2.618758,4,66,2,2,4,7,2,3,3,1,2,88,3,1,74,1,2
"ESS1e06_7",1,"6.7","23.11.2023",3171,"ES",0.7184,0.64813673,2.0200796,1.3092878,0,66,2,3,3,88,2,8,8,8,8,88,8,1,86,1,3
"ESS1e06_7",1,"6.7","23.11.2023",3174,"ES",0.7184,1.0293851,2.0200796,2.0794399,4,2,2,2,2,2,2,3,3,1,1,4,3,1,37,1,2
"ESS1e06_7",1,"6.7","23.11.2023",3176,"ES",0.7184,0.6576762,2.0200796,1.3285583,3,3,2,2,2,3,2,8,8,1,3,3,4,1,80,5,1
"ESS1e06_7",1,"6.7","23.11.2023",3178,"ES",1.4369,1.3527509,2.0200796,2.7326646,1,1,2,2,2,5,2,3,3,3,3,4,8,2,47,2,2
"ESS1e06_7",1,"6.7","23.11.2023",3180,"ES",0.7707,0.9485139,2.0200796,1.9160737,3,0,2,1,2,5,2,3,3,3,2,8,1,1,31,1,1
"ESS1e06_7",1,"6.7","23.11.2023",3182,"ES",2.3122,1.2320868,2.0200796,2.4889133,0,66,1,1,3,8,2,3,3,3,3,5,8,1,22,4,2
"ESS1e06_7",1,"6.7","23.11.2023",3183,"ES",1.5415,1.3702596,2.0200796,2.7680335,3,66,2,1,3,6,2,3,3,2,2,2,3,2,48,2,2
"ESS1e06_7",1,"6.7","23.11.2023",3185,"ES",1.1561,0.6160434,2.0200796,1.2444566,1,66,2,1,1,2,2,2,2,4,4,5,4,1,24,4,1
"ESS1e06_7",1,"6.7","23.11.2023",3188,"ES",1.5415,1.3702596,2.0200796,2.7680335,1,66,2,1,2,7,2,3,3,2,2,2,2,2,43,2,2
"ESS1e06_7",1,"6.7","23.11.2023",3193,"ES",1.9141,1.6093171,2.0200796,3.2509487,2,66,1,1,2,5,2,2,2,3,3,8,3,2,52,5,1
"ESS1e06_7",1,"6.7","23.11.2023",3206,"ES",0.8112,0.6910291,2.0200796,1.3959337,7,66,1,4,1,5,2,3,3,4,3,10,4,1,69,1,1
"ESS1e06_7",1,"6.7","23.11.2023",3207,"ES",1.2168,1.497537,2.0200796,3.025144,2,66,2,2,2,0,2,2,2,2,1,0,2,1,16,2,2
"ESS1e06_7",1,"6.7","23.11.2023",3210,"ES",0.8157,0.6948625,2.0200796,1.4036776,2,66,2,1,2,6,2,3,3,2,2,2,2,1,71,2,1
"ESS1e06_7",1,"6.7","23.11.2023",3212,"ES",0.8157,0.7250865,2.0200796,1.4647325,2,66,2,2,1,10,2,3,3,3,2,5,3,2,37,2,1
"ESS1e06_7",1,"6.7","23.11.2023",3215,"ES",1.2236,1.0423362,2.0200796,2.1056023,1,66,2,1,3,5,2,3,3,8,2,88,3,1,62,1,2
"ESS1e06_7",1,"6.7","23.11.2023",3216,"ES",0.4079,0.39139885,2.0200796,0.7906568,1,66,2,1,4,8,2,3,3,3,2,88,3,2,73,2,2
"ESS1e06_7",1,"6.7","23.11.2023",3217,"ES",1.6314,1.389725,2.0200796,2.8073552,6,66,2,2,1,0,2,8,8,4,3,5,3,1,82,1,2
"ESS1e06_7",1,"6.7","23.11.2023",3219,"ES",0.7775,0.36258307,2.0200796,0.7324467,2,66,2,2,3,1,2,2,2,3,3,5,3,2,37,3,1
"ESS1e06_7",1,"6.7","23.11.2023",3227,"ES",1.5549,1.033769,2.0200796,2.0882957,2,66,1,4,3,10,2,4,4,3,3,0,3,2,25,3,3
"ESS1e06_7",1,"6.7","23.11.2023",3228,"ES",1.1662,1.3952003,2.0200796,2.8184156,2,66,1,3,1,5,2,1,1,3,5,5,4,2,34,2,2
"ESS1e06_7",1,"6.7","23.11.2023",3231,"ES",0.8531,1.2957343,2.0200796,2.6174865,2,66,2,2,2,6,2,3,3,2,1,4,8,1,40,1,8
"ESS1e06_7",1,"6.7","23.11.2023",3234,"ES",1.2796,1.767946,2.0200796,3.5713916,0,0,2,1,1,2,2,3,3,3,3,4,8,1,32,2,1
"ESS1e06_7",1,"6.7","23.11.2023",3236,"ES",1.2796,1.3784038,2.0200796,2.7844853,0,66,2,2,4,6,2,3,3,8,8,88,8,2,67,1,2
"ESS1e06_7",1,"6.7","23.11.2023",3237,"ES",0.4265,0.40256166,2.0200796,0.8132066,0,1,2,2,1,4,2,2,2,3,3,0,4,2,36,5,1
"ESS1e06_7",1,"6.7","23.11.2023",3238,"ES",1.2796,1.2237114,2.0200796,2.4719944,0,66,2,3,5,7,2,3,3,3,3,88,3,1,59,1,3
"ESS1e06_7",1,"6.7","23.11.2023",3239,"ES",1.1275,0.59028274,2.0200796,1.1924181,0,0,2,2,2,6,2,3,3,2,4,0,4,2,41,4,2
"ESS1e06_7",1,"6.7","23.11.2023",3240,"ES",1.1275,1.2145594,2.0200796,2.4535067,66,66,2,2,5,6,2,8,8,8,8,88,8,2,80,1,1
"ESS1e06_7",1,"6.7","23.11.2023",3241,"ES",0.7516,0.5609759,2.0200796,1.133216,1,66,2,1,1,5,2,3,3,3,3,1,3,2,31,3,1
"ESS1e06_7",1,"6.7","23.11.2023",3243,"ES",1.1275,0.6744796,2.0200796,1.3625025,66,0,2,2,1,5,2,8,8,3,3,1,3,1,20,4,1
"ESS1e06_7",1,"6.7","23.11.2023",3246,"ES",0.7516,0.71877265,2.0200796,1.451978,0,66,2,2,4,2,2,3,3,8,1,3,8,1,62,1,8
"ESS1e06_7",1,"6.7","23.11.2023",3248,"ES",0.3758,0.40481725,2.0200796,0.8177631,0,66,2,3,5,9,2,8,8,8,8,88,8,2,80,1,3
"ESS1e06_7",1,"6.7","23.11.2023",3249,"ES",0.4097,0.4413348,2.0200796,0.89153147,0,66,2,2,5,10,2,8,8,8,8,88,8,2,92,1,2
"ESS1e06_7",1,"6.7","23.11.2023",3250,"ES",0.8195,1.038514,2.0200796,2.097881,2,2,2,2,1,7,2,3,3,3,2,6,5,1,42,5,2
"ESS1e06_7",1,"6.7","23.11.2023",3259,"ES",0.7182,0.9101413,2.0200796,1.8385578,1,1,2,3,2,4,2,2,2,3,3,88,4,1,38,5,1
"ESS1e06_7",1,"6.7","23.11.2023",3260,"ES",0.7182,0.71670616,2.0200796,1.4478035,1,0,2,1,1,5,2,8,2,4,4,3,4,2,35,1,2
"ESS1e06_7",1,"6.7","23.11.2023",3261,"ES",0.7182,0.6778893,2.0200796,1.3693904,2,2,1,3,1,1,2,1,1,4,4,2,4,2,51,5,1
"ESS1e06_7",1,"6.7","23.11.2023",3265,"ES",0.7182,0.6868315,2.0200796,1.3874543,0,66,2,3,4,3,2,2,2,4,8,88,3,1,80,1,2
"ESS1e06_7",1,"6.7","23.11.2023",3267,"ES",1.4365,1.9847252,2.0200796,4.009303,1,1,2,1,1,1,2,4,4,3,3,88,1,1,23,1,3
"ESS1e06_7",1,"6.7","23.11.2023",3269,"ES",1.106,1.6798525,2.0200796,3.3934357,2,66,2,1,2,10,1,1,1,5,5,7,5,1,39,1,4
"ESS1e06_7",1,"6.7","23.11.2023",3270,"ES",1.106,1.1036996,2.0200796,2.229561,1,0,1,3,2,6,2,2,2,4,3,6,4,2,53,1,2
"ESS1e06_7",1,"6.7","23.11.2023",3272,"ES",1.106,1.5280933,2.0200796,3.0868702,0,66,2,2,1,2,2,4,4,1,1,0,1,1,15,1,2
"ESS1e06_7",1,"6.7","23.11.2023",3273,"ES",0.3687,4.0259333,2.0200796,8.132706,0,66,2,3,2,9,1,1,1,8,8,5,5,1,25,77,8
"ESS1e06_7",1,"6.7","23.11.2023",3275,"ES",0.7373,1.119851,2.0200796,2.2621882,1,1,2,2,1,3,2,2,2,5,3,5,4,1,39,2,2
"ESS1e06_7",1,"6.7","23.11.2023",3276,"ES",1.106,1.6798525,2.0200796,3.3934357,0,66,2,2,3,0,2,4,4,3,3,3,3,1,46,1,8
"ESS1e06_7",1,"6.7","23.11.2023",3277,"ES",1.8433,1.7013563,2.0200796,3.436875,0,66,2,1,3,8,2,3,3,3,3,7,4,1,999,1,2
"ESS1e06_7",1,"6.7","23.11.2023",3280,"ES",0.791,0.85207677,2.0200796,1.7212629,0,66,2,2,2,2,2,3,3,1,2,88,8,2,61,1,2
"ESS1e06_7",1,"6.7","23.11.2023",3281,"ES",0.3955,0.3782259,2.0200796,0.76404643,7,66,2,2,4,6,2,1,1,4,3,5,4,1,67,1,3
"ESS1e06_7",1,"6.7","23.11.2023",3284,"ES",1.1864,0.7135602,2.0200796,1.4414485,1,0,2,2,2,3,2,3,3,4,2,77,3,1,39,3,2
"ESS1e06_7",1,"6.7","23.11.2023",3285,"ES",1.5819,0.95143366,2.0200796,1.9219717,4,4,2,2,5,2,2,4,4,1,1,2,1,1,50,3,4
"ESS1e06_7",1,"6.7","23.11.2023",3289,"ES",0.8169,0.78122056,2.0200796,1.5781277,0,66,1,3,5,8,2,2,2,8,8,88,3,1,67,1,2
"ESS1e06_7",1,"6.7","23.11.2023",3293,"ES",0.8169,0.78122056,2.0200796,1.5781277,0,0,2,2,2,7,2,2,2,8,8,5,5,1,68,1,2
"ESS1e06_7",1,"6.7","23.11.2023",3294,"ES",1.2254,1.3200188,2.0200796,2.666543,1,66,1,2,4,3,2,3,3,8,4,88,4,2,90,1,1
"ESS1e06_7",1,"6.7","23.11.2023",3295,"ES",1.2254,1.1998608,2.0200796,2.4238143,1,66,2,4,3,7,2,3,3,3,4,5,3,2,74,5,2
"ESS1e06_7",1,"6.7","23.11.2023",3297,"ES",0.8169,1.1286614,2.0200796,2.279986,0,66,2,2,2,6,2,3,3,3,3,5,3,1,32,2,8
"ESS1e06_7",1,"6.7","23.11.2023",3298,"ES",0.8169,1.2407517,2.0200796,2.5064173,3,66,1,2,1,2,2,2,2,4,2,5,4,1,40,2,8
"ESS1e06_7",1,"6.7","23.11.2023",3302,"ES",1.2112,0.6341024,2.0200796,1.2809373,1,66,2,2,1,8,2,3,3,2,3,2,3,2,45,3,1
"ESS1e06_7",1,"6.7","23.11.2023",3311,"ES",1.2016,1.1991007,2.0200796,2.422279,2,66,2,3,3,0,2,4,4,2,3,5,5,2,50,1,4
"ESS1e06_7",1,"6.7","23.11.2023",3312,"ES",0.4005,0.43142444,2.0200796,0.8715117,0,66,2,2,2,5,2,8,8,8,8,5,3,2,83,1,3
"ESS1e06_7",1,"6.7","23.11.2023",3313,"ES",0.8011,0.41940176,2.0200796,0.84722495,0,0,2,2,2,2,2,3,3,2,4,88,3,2,39,3,3
"ESS1e06_7",1,"6.7","23.11.2023",3314,"ES",0.8011,0.78440386,2.0200796,1.5845582,0,1,1,3,2,3,2,3,3,3,3,0,3,2,57,5,1
"ESS1e06_7",1,"6.7","23.11.2023",3316,"ES",0.4005,0.43142444,2.0200796,0.8715117,0,66,2,2,5,7,2,2,3,8,8,88,2,2,82,1,2
"ESS1e06_7",1,"6.7","23.11.2023",3318,"ES",2.0027,1.0484782,2.0200796,2.1180096,2,2,2,2,2,6,2,2,2,4,3,2,4,2,39,3,1
"ESS1e06_7",1,"6.7","23.11.2023",3320,"ES",0.7561,0.45230514,2.0200796,0.9136924,1,0,2,1,1,2,2,2,2,2,3,88,3,1,34,4,1
"ESS1e06_7",1,"6.7","23.11.2023",3322,"ES",0.3781,0.3615859,2.0200796,0.7304323,1,66,2,2,4,4,2,3,3,3,3,88,3,1,65,1,2
"ESS1e06_7",1,"6.7","23.11.2023",3324,"ES",0.7561,1.0446577,2.0200796,2.1102917,0,0,2,1,1,2,2,3,3,4,4,88,4,1,31,2,1
"ESS1e06_7",1,"6.7","23.11.2023",3325,"ES",1.1342,1.7226841,2.0200796,3.479959,1,0,2,2,1,2,2,2,2,3,3,88,4,1,36,1,3
"ESS1e06_7",1,"6.7","23.11.2023",3329,"ES",0.7356,0.5490339,2.0200796,1.1090921,1,66,2,3,2,3,2,2,2,3,3,5,5,2,32,3,2
"ESS1e06_7",1,"6.7","23.11.2023",3330,"ES",1.8391,2.7933242,2.0200796,5.6427374,0,1,1,3,1,6,2,3,3,3,3,1,3,1,48,1,2
"ESS1e06_7",1,"6.7","23.11.2023",3331,"ES",0.7356,0.3851104,2.0200796,0.7779537,1,66,2,2,1,6,2,3,3,3,4,0,3,2,39,3,1
"ESS1e06_7",1,"6.7","23.11.2023",3333,"ES",1.4713,2.2346897,2.0200796,4.514251,0,66,2,1,1,2,2,3,3,2,4,2,4,1,43,2,1
"ESS1e06_7",1,"6.7","23.11.2023",3338,"ES",1.1034,0.5776656,2.0200796,1.1669306,0,66,2,1,1,8,2,3,3,2,4,1,3,2,46,3,1
"ESS1e06_7",1,"6.7","23.11.2023",3339,"ES",0.7667,0.82590044,2.0200796,1.6683847,0,66,2,1,2,3,2,3,3,8,8,88,3,2,70,1,3
"ESS1e06_7",1,"6.7","23.11.2023",3341,"ES",0.7667,1.0317227,2.0200796,2.084162,0,66,2,2,1,77,2,3,3,3,4,1,4,2,24,5,2
"ESS1e06_7",1,"6.7","23.11.2023",3342,"ES",0.7667,0.57224613,2.0200796,1.1559827,0,66,2,2,1,0,2,2,2,3,3,88,3,2,29,4,3
"ESS1e06_7",1,"6.7","23.11.2023",3345,"ES",0.3833,0.41289636,2.0200796,0.83408356,0,66,2,2,5,0,2,8,8,8,8,88,8,2,85,1,8
"ESS1e06_7",1,"6.7","23.11.2023",3346,"ES",0.7667,0.57224613,2.0200796,1.1559827,0,66,2,1,1,7,8,1,1,8,3,0,4,2,28,3,3
"ESS1e06_7",1,"6.7","23.11.2023",3347,"ES",0.7667,0.7332131,2.0200796,1.4811488,0,66,1,1,5,2,2,2,2,3,3,6,4,1,70,1,1
"ESS1e06_7",1,"6.7","23.11.2023",3348,"ES",0.3833,0.41289636,2.0200796,0.83408356,0,66,2,1,5,7,2,8,8,8,8,88,8,2,72,1,3
"ESS1e06_7",1,"6.7","23.11.2023",3349,"ES",1.0773,1.1027527,2.0200796,2.2276483,2,66,2,3,3,0,2,3,3,8,8,88,8,2,38,77,4
"ESS1e06_7",1,"6.7","23.11.2023",3350,"ES",0.3591,0.4822978,2.0200796,0.97427994,0,66,2,2,1,3,2,3,3,8,1,2,8,2,22,2,3
"ESS1e06_7",1,"6.7","23.11.2023",3351,"ES",0.7182,1.0908409,2.0200796,2.2035856,0,0,2,2,1,0,2,2,2,2,4,88,2,1,36,1,2
"ESS1e06_7",1,"6.7","23.11.2023",3352,"ES",0.7182,1.0908409,2.0200796,2.2035856,66,0,2,1,2,0,2,4,4,3,3,88,2,1,35,2,2
"ESS1e06_7",1,"6.7","23.11.2023",3353,"ES",1.4365,1.9293256,2.0200796,3.8973913,0,66,2,2,1,1,2,8,8,8,8,88,8,2,18,1,4
"ESS1e06_7",1,"6.7","23.11.2023",3354,"ES",0.7182,0.9645956,2.0200796,1.9485599,0,66,2,2,4,0,2,8,8,8,8,88,8,2,25,1,4
"ESS1e06_7",1,"6.7","23.11.2023",3355,"ES",1.4365,1.9847252,2.0200796,4.009303,66,66,2,1,1,0,2,3,3,8,8,88,8,1,27,1,4
"ESS1e06_7",1,"6.7","23.11.2023",3356,"ES",0.7182,0.9645956,2.0200796,1.9485599,0,66,2,4,5,9,1,1,1,5,5,88,3,2,25,1,4
"ESS1e06_7",1,"6.7","23.11.2023",3357,"ES",0.7182,0.71670616,2.0200796,1.4478035,0,66,2,1,3,3,2,3,3,1,1,88,8,2,47,1,2
"ESS1e06_7",1,"6.7","23.11.2023",3358,"ES",0.3591,0.4822978,2.0200796,0.97427994,0,0,2,3,1,0,2,3,3,8,8,1,3,2,32,2,3
"ESS1e06_7",1,"6.7","23.11.2023",3359,"ES",0.7959,0.8573551,2.0200796,1.7319256,0,66,2,2,2,6,2,4,4,2,1,2,1,2,62,1,8
"ESS1e06_7",1,"6.7","23.11.2023",3361,"ES",0.3979,0.3805211,2.0200796,0.7686829,3,1,2,2,4,3,2,2,3,2,2,3,2,1,66,1,2
"ESS1e06_7",1,"6.7","23.11.2023",3363,"ES",0.7959,0.7942445,2.0200796,1.6044372,0,66,2,3,3,3,2,3,3,8,8,5,8,2,40,1,4
"ESS1e06_7",1,"6.7","23.11.2023",3365,"ES",0.3979,0.38960716,2.0200796,0.7870375,66,0,2,8,1,88,2,2,2,3,3,5,3,2,72,5,1
"ESS1e06_7",1,"6.7","23.11.2023",3368,"ES",0.7959,1.485541,2.0200796,3.000911,2,1,2,1,1,0,2,3,3,3,3,4,4,1,25,5,2
"ESS1e06_7",1,"6.7","23.11.2023",3373,"ES",0.838,1.1254959,2.0200796,2.2735913,0,66,2,2,1,4,2,3,3,3,3,2,3,2,34,2,2
"ESS1e06_7",1,"6.7","23.11.2023",3374,"ES",0.419,0.25064918,2.0200796,0.5063313,2,0,1,3,2,0,2,2,2,2,1,2,1,1,30,3,2
"ESS1e06_7",1,"6.7","23.11.2023",3377,"ES",0.838,1.1578139,2.0200796,2.3388762,0,66,1,2,1,1,2,4,4,1,3,88,2,1,23,2,2
"ESS1e06_7",1,"6.7","23.11.2023",3378,"ES",1.257,1.2020985,2.0200796,2.4283347,1,0,2,2,2,2,2,3,3,8,4,88,3,1,66,1,2
"ESS1e06_7",1,"6.7","23.11.2023",3386,"ES",0.7081,0.76277566,2.0200796,1.5408676,66,66,2,2,3,3,2,2,2,3,3,5,3,2,61,1,2
"ESS1e06_7",1,"6.7","23.11.2023",3387,"ES",0.7081,1.0755005,2.0200796,2.1725967,1,0,2,2,2,4,2,2,2,4,5,5,5,1,36,2,8
"ESS1e06_7",1,"6.7","23.11.2023",3391,"ES",0.416,0.6318432,2.0200796,1.2763736,1,0,2,2,2,88,2,3,3,4,2,7,4,1,48,1,8
"ESS1e06_7",1,"6.7","23.11.2023",3392,"ES",0.8319,0.89613485,2.0200796,1.8102638,1,0,2,2,2,8,2,2,2,8,8,3,8,2,68,1,2
"ESS1e06_7",1,"6.7","23.11.2023",3394,"ES",1.6639,1.5912265,2.0200796,3.214404,1,66,2,2,3,3,2,2,2,8,8,88,8,1,69,1,2
"ESS1e06_7",1,"6.7","23.11.2023",3398,"ES",0.8319,1.054228,2.0200796,2.1296244,1,0,2,1,1,4,2,3,3,2,3,0,3,1,40,5,2
"ESS1e06_7",1,"6.7","23.11.2023",3400,"ES",0.416,0.24885456,2.0200796,0.50270605,1,1,2,2,1,2,2,2,2,3,3,0,4,1,25,3,1
"ESS1e06_7",1,"6.7","23.11.2023",3402,"ES",0.7455,0.3902934,2.0200796,0.7884237,2,1,2,2,2,4,2,3,3,5,2,88,5,2,37,3,2
"ESS1e06_7",1,"6.7","23.11.2023",3407,"ES",0.7455,0.8030635,2.0200796,1.6222522,1,2,1,2,2,7,2,2,2,4,4,88,4,2,69,1,1
"ESS1e06_7",1,"6.7","23.11.2023",3410,"ES",0.3728,0.22301197,2.0200796,0.45050195,0,66,1,4,2,2,2,2,2,3,3,4,2,1,24,3,2
"ESS1e06_7",1,"6.7","23.11.2023",3412,"ES",0.3728,0.69582826,2.0200796,1.4056284,0,0,2,2,1,2,2,3,3,3,2,3,4,1,32,5,2
"ESS1e06_7",1,"6.7","23.11.2023",3415,"ES",0.494,0.47242376,2.0200796,0.9543336,1,66,2,2,4,5,2,3,3,3,3,2,3,1,67,1,2
"ESS1e06_7",1,"6.7","23.11.2023",3417,"ES",0.494,0.532144,2.0200796,1.0749732,0,1,2,3,2,7,2,3,3,3,3,3,1,2,71,2,2
"ESS1e06_7",1,"6.7","23.11.2023",3418,"ES",0.494,0.258625,2.0200796,0.5224431,66,66,2,2,2,7,1,8,8,8,8,88,5,2,43,3,4
"ESS1e06_7",1,"6.7","23.11.2023",3420,"ES",0.494,0.7503138,2.0200796,1.5156937,0,0,2,1,5,1,2,2,2,8,8,88,3,1,42,2,3
"ESS1e06_7",1,"6.7","23.11.2023",3423,"ES",1.4821,1.5965397,2.0200796,3.2251375,0,66,2,1,4,7,2,8,8,8,8,88,8,2,70,1,3
"ESS1e06_7",1,"6.7","23.11.2023",3429,"ES",0.844,0.629941,2.0200796,1.2725309,1,1,2,2,2,4,2,3,3,2,3,1,3,2,32,3,2
"ESS1e06_7",1,"6.7","23.11.2023",3430,"ES",1.266,0.9449115,2.0200796,1.9087964,1,1,2,3,2,3,2,1,1,4,2,3,5,2,27,4,8
"ESS1e06_7",1,"6.7","23.11.2023",3433,"ES",0.844,1.1335543,2.0200796,2.28987,1,0,2,2,2,7,2,2,2,3,1,88,5,2,34,2,2
"ESS1e06_7",1,"6.7","23.11.2023",3434,"ES",0.844,1.1335543,2.0200796,2.28987,1,66,2,2,2,2,2,2,2,3,3,6,1,2,34,1,2
"ESS1e06_7",1,"6.7","23.11.2023",3436,"ES",0.844,0.8422445,2.0200796,1.701401,3,0,1,3,2,9,1,1,1,4,2,5,5,2,40,1,2
"ESS1e06_7",1,"6.7","23.11.2023",3437,"ES",0.4475,0.23237522,2.0200796,0.46941644,1,66,1,2,2,4,2,3,3,2,4,2,4,2,65,3,1
"ESS1e06_7",1,"6.7","23.11.2023",3438,"ES",0.4475,0.43425348,2.0200796,0.8772266,2,1,2,2,4,6,2,3,3,2,3,3,2,1,57,5,1
"ESS1e06_7",1,"6.7","23.11.2023",3440,"ES",0.4475,0.6182837,2.0200796,1.2489823,0,66,2,2,2,7,1,1,1,8,8,8,5,1,31,1,4
"ESS1e06_7",1,"6.7","23.11.2023",3441,"ES",0.4475,0.4279547,2.0200796,0.86450255,66,66,2,2,5,2,2,4,4,3,3,88,3,1,64,1,1
"ESS1e06_7",1,"6.7","23.11.2023",3443,"ES",0.4475,0.23237522,2.0200796,0.46941644,2,1,2,1,3,7,2,3,3,8,2,5,4,2,71,3,2
"ESS1e06_7",1,"6.7","23.11.2023",3444,"ES",0.4475,0.48205355,2.0200796,0.97378653,0,66,2,2,5,7,2,4,4,2,2,2,3,2,70,1,2
"ESS1e06_7",1,"6.7","23.11.2023",3446,"ES",0.8951,0.8448604,2.0200796,1.7066852,66,4,2,2,2,8,2,2,2,4,4,88,3,2,41,5,2
"ESS1e06_7",1,"6.7","23.11.2023",3448,"ES",0.4475,0.48205355,2.0200796,0.97378653,0,66,2,3,3,8,2,8,8,8,8,88,8,2,82,1,3
"ESS1e06_7",1,"6.7","23.11.2023",3457,"ES",0.8961,0.85696137,2.0200796,1.7311302,1,0,2,2,3,3,2,3,3,1,2,88,8,1,58,1,2
"ESS1e06_7",1,"6.7","23.11.2023",3458,"ES",0.8961,0.965292,2.0200796,1.9499667,0,66,8,8,8,88,2,8,8,8,8,0,8,2,80,1,3
"ESS1e06_7",1,"6.7","23.11.2023",3461,"ES",1.1208,1.7493724,2.0200796,3.5338714,1,1,1,1,2,1,2,8,8,3,3,88,3,1,33,2,1
"ESS1e06_7",1,"6.7","23.11.2023",3462,"ES",1.1208,1.2635232,2.0200796,2.5524175,0,1,2,1,2,4,2,2,3,5,1,0,3,2,44,1,7
"ESS1e06_7",1,"6.7","23.11.2023",3467,"ES",0.7472,0.5076866,2.0200796,1.0255674,4,66,2,2,2,1,2,3,3,2,2,10,4,1,35,4,1
"ESS1e06_7",1,"6.7","23.11.2023",3472,"ES",0.6595,0.7032141,2.0200796,1.4205484,2,66,2,2,2,6,7,3,3,3,3,2,3,2,44,5,1
"ESS1e06_7",1,"6.7","23.11.2023",3474,"ES",0.6595,0.80255795,2.0200796,1.621231,1,66,2,8,3,5,2,3,3,7,1,0,2,2,70,1,2
"ESS1e06_7",1,"6.7","23.11.2023",3475,"ES",0.9892,1.1151652,2.0200796,2.2527225,3,1,2,8,4,0,2,4,4,2,1,88,2,2,54,2,1
"ESS1e06_7",1,"6.7","23.11.2023",3478,"ES",0.6595,0.45725235,2.0200796,0.92368615,2,1,2,2,2,7,2,4,4,3,2,5,2,1,86,3,2
"ESS1e06_7",1,"6.7","23.11.2023",3479,"ES",0.3297,0.40121815,2.0200796,0.8104926,7,66,1,2,2,8,2,3,3,3,3,4,3,2,85,1,2
"ESS1e06_7",1,"6.7","23.11.2023",3483,"ES",1.648,3.0575192,2.0200796,6.176432,2,2,2,1,2,2,2,1,1,1,5,3,5,2,34,5,1
"ESS1e06_7",1,"6.7","23.11.2023",3486,"ES",0.824,1.2237816,2.0200796,2.4721363,2,66,2,1,3,7,2,4,3,1,5,88,3,2,55,2,2
"ESS1e06_7",1,"6.7","23.11.2023",3487,"ES",0.824,1.7255108,2.0200796,3.4856694,2,66,2,1,2,6,2,3,3,1,5,0,2,1,35,2,1
"ESS1e06_7",1,"6.7","23.11.2023",3493,"ES",1.3448,1.3838519,2.0200796,2.795491,2,1,2,3,2,3,2,1,1,4,4,6,2,2,33,4,2
"ESS1e06_7",1,"6.7","23.11.2023",3495,"ES",0.8965,0.92253363,2.0200796,1.8635914,2,1,2,2,3,2,2,2,2,3,2,5,2,2,26,4,2
"ESS1e06_7",1,"6.7","23.11.2023",3496,"ES",1.793,2.2816763,2.0200796,4.6091676,3,3,2,2,3,5,2,1,1,4,4,3,3,1,999,2,2
"ESS1e06_7",1,"6.7","23.11.2023",3497,"ES",0.8965,1.8773308,2.0200796,3.7923577,3,5,2,3,3,6,2,3,3,1,2,6,2,1,51,1,3
"ESS1e06_7",1,"6.7","23.11.2023",3498,"ES",1.3448,1.9972591,2.0200796,4.0346227,1,66,2,3,4,8,2,1,1,1,3,7,8,2,75,1,2
"ESS1e06_7",1,"6.7","23.11.2023",3499,"ES",1.793,4.0259333,2.0200796,8.132706,2,2,2,2,2,2,2,2,1,4,5,5,8,1,32,5,2
"ESS1e06_7",1,"6.7","23.11.2023",3500,"ES",0.8965,1.034993,2.0200796,2.0907683,4,0,2,3,3,7,1,3,2,3,4,5,3,2,67,77,3
"ESS1e06_7",1,"6.7","23.11.2023",3507,"ES",0.8979,1.3335358,2.0200796,2.6938484,3,66,2,2,3,6,2,2,2,8,2,6,8,2,70,1,1
"ESS1e06_7",1,"6.7","23.11.2023",3516,"ES",0.8979,0.7445638,2.0200796,1.5040781,0,1,1,2,3,2,2,3,3,3,3,3,3,1,42,3,1
"ESS1e06_7",1,"6.7","23.11.2023",3519,"ES",1.3514,2.0070612,2.0200796,4.0544233,2,0,2,1,3,8,2,2,2,2,3,1,5,2,69,1,2
"ESS1e06_7",1,"6.7","23.11.2023",3523,"ES",1.3514,2.8299217,2.0200796,5.716667,2,1,2,1,2,0,2,4,1,1,5,10,5,1,42,1,4
"ESS1e06_7",1,"6.7","23.11.2023",3533,"ES",2.1714,2.9875147,2.0200796,6.0350175,1,66,1,4,3,1,2,2,2,4,4,88,4,2,38,2,3
"ESS1e06_7",1,"6.7","23.11.2023",3534,"ES",0.5429,0.4501879,2.0200796,0.90941536,2,1,1,2,2,1,2,1,1,4,5,8,4,1,37,3,2
"ESS1e06_7",1,"6.7","23.11.2023",3536,"ES",0.5429,0.4501879,2.0200796,0.90941536,3,1,2,2,1,7,2,1,3,5,5,2,2,1,41,3,2
"ESS1e06_7",1,"6.7","23.11.2023",3539,"ES",0.5429,0.8062998,2.0200796,1.6287898,1,66,1,4,2,5,2,8,8,8,2,88,2,2,70,1,3
"ESS1e06_7",1,"6.7","23.11.2023",3541,"ES",1.6905,2.9536095,2.0200796,5.966526,2,2,2,1,2,7,2,2,1,2,1,3,4,1,48,5,1
"ESS1e06_7",1,"6.7","23.11.2023",3545,"ES",0.8453,0.70094645,2.0200796,1.4159676,2,2,2,2,2,3,2,2,2,3,3,2,4,1,35,3,1
"ESS1e06_7",1,"6.7","23.11.2023",3549,"ES",0.8453,1.4768921,2.0200796,2.9834397,2,2,1,2,1,10,2,2,2,4,1,1,3,1,40,5,1
"ESS1e06_7",1,"6.7","23.11.2023",3551,"ES",0.9031,1.1752323,2.0200796,2.3740628,2,2,1,2,1,6,2,2,2,2,2,3,3,2,38,5,1
"ESS1e06_7",1,"6.7","23.11.2023",3552,"ES",1.2041,0.99309164,2.0200796,2.0061243,2,1,2,1,1,3,2,2,2,4,2,2,4,1,19,4,1
"ESS1e06_7",1,"6.7","23.11.2023",3556,"ES",0.9031,1.1752323,2.0200796,2.3740628,2,1,1,2,1,5,2,2,2,4,3,5,3,2,36,5,1
"ESS1e06_7",1,"6.7","23.11.2023",3557,"ES",0.301,0.44703674,2.0200796,0.9030498,2,1,2,2,3,8,2,2,2,4,2,5,4,2,69,1,1
"ESS1e06_7",1,"6.7","23.11.2023",3558,"ES",0.9031,1.1752323,2.0200796,2.3740628,2,1,1,2,1,7,2,2,2,2,2,2,4,2,42,5,1
"ESS1e06_7",1,"6.7","23.11.2023",3559,"ES",1.5051,2.7923982,2.0200796,5.6408668,2,2,2,2,1,5,2,2,2,4,2,1,4,2,21,5,1
"ESS1e06_7",1,"6.7","23.11.2023",3563,"ES",1.7586,1.2693608,2.0200796,2.56421,1,1,2,1,1,5,2,2,2,4,3,1,4,2,48,3,1
"ESS1e06_7",1,"6.7","23.11.2023",3577,"ES",0.7691,0.791434,2.0200796,1.5987597,2,1,2,1,1,2,2,4,2,8,1,88,5,2,33,3,2
"ESS1e06_7",1,"6.7","23.11.2023",3581,"ES",0.8841,0.72916895,2.0200796,1.4729793,2,1,1,1,1,2,2,1,1,5,4,88,4,1,23,3,1
"ESS1e06_7",1,"6.7","23.11.2023",3586,"ES",0.8841,1.1656835,2.0200796,2.3547735,2,66,2,1,2,7,2,3,3,1,5,9,3,1,67,1,1
"ESS1e06_7",1,"6.7","23.11.2023",3591,"ES",0.3948,0.5137656,2.0200796,1.0378474,4,1,2,2,1,0,2,2,2,3,1,5,4,2,41,5,8
"ESS1e06_7",1,"6.7","23.11.2023",3592,"ES",0.3948,0.58634585,2.0200796,1.1844653,1,66,1,1,4,5,2,2,2,4,2,7,8,2,75,1,3
"ESS1e06_7",1,"6.7","23.11.2023",3594,"ES",1.1843,0.85482997,2.0200796,1.7268246,1,1,1,3,2,6,2,8,8,2,4,3,3,2,40,3,3
"ESS1e06_7",1,"6.7","23.11.2023",3595,"ES",1.9738,2.7156472,2.0200796,5.4858236,4,1,2,2,2,4,2,2,2,4,3,7,4,2,51,2,2
"ESS1e06_7",1,"6.7","23.11.2023",3597,"ES",0.7895,1.0409536,2.0200796,2.1028092,4,66,1,2,2,5,2,1,2,4,2,7,3,1,59,1,2
"ESS1e06_7",1,"6.7","23.11.2023",3600,"ES",0.7895,1.0409536,2.0200796,2.1028092,2,0,2,2,2,4,2,2,2,2,3,6,8,1,82,1,3
"ESS1e06_7",1,"6.7","23.11.2023",3601,"ES",1.7552,1.0568578,2.0200796,2.134937,2,1,1,1,2,5,2,3,1,1,3,1,5,1,23,4,1
"ESS1e06_7",1,"6.7","23.11.2023",3603,"ES",0.351,0.38058093,2.0200796,0.7688038,2,66,2,2,2,9,2,2,2,8,2,88,8,2,76,1,2
"ESS1e06_7",1,"6.7","23.11.2023",3607,"ES",1.0531,1.4264114,2.0200796,2.8814645,3,66,2,2,2,2,2,2,2,2,3,2,3,2,31,5,1
"ESS1e06_7",1,"6.7","23.11.2023",3609,"ES",0.7021,0.6758362,2.0200796,1.365243,3,66,2,1,2,5,2,1,1,2,3,88,3,1,57,1,1
"ESS1e06_7",1,"6.7","23.11.2023",3610,"ES",0.7021,0.6758362,2.0200796,1.365243,4,1,2,3,3,7,2,2,2,2,3,2,4,1,56,1,2
"ESS1e06_7",1,"6.7","23.11.2023",3611,"ES",0.8782,0.88211834,2.0200796,1.7819493,1,66,2,1,2,5,2,2,2,1,3,88,4,2,37,1,2
"ESS1e06_7",1,"6.7","23.11.2023",3614,"ES",2.1954,1.1568975,2.0200796,2.3370252,2,2,2,1,1,6,2,2,3,2,2,1,4,2,35,4,1
"ESS1e06_7",1,"6.7","23.11.2023",3617,"ES",0.8782,0.9522114,2.0200796,1.9235427,2,66,2,1,3,9,2,3,3,2,2,2,2,2,71,1,2
"ESS1e06_7",1,"6.7","23.11.2023",3618,"ES",0.8782,0.8453487,2.0200796,1.7076718,2,2,2,2,4,6,2,2,3,2,3,88,3,1,76,1,2
"ESS1e06_7",1,"6.7","23.11.2023",3619,"ES",0.4391,0.4761057,2.0200796,0.96177137,1,66,2,1,3,10,2,1,1,2,2,88,3,2,81,1,2
"ESS1e06_7",1,"6.7","23.11.2023",3622,"ES",0.4508,0.4339367,2.0200796,0.8765867,2,66,2,1,1,7,2,1,2,2,3,3,4,1,67,1,2
"ESS1e06_7",1,"6.7","23.11.2023",3623,"ES",1.8031,2.7565985,2.0200796,5.568548,2,1,2,1,3,5,2,2,2,3,2,2,3,1,52,1,2
"ESS1e06_7",1,"6.7","23.11.2023",3624,"ES",1.3524,1.4663751,2.0200796,2.9621944,2,66,2,1,3,10,2,2,2,2,2,1,2,2,87,1,3
"ESS1e06_7",1,"6.7","23.11.2023",3625,"ES",0.9016,1.2188535,2.0200796,2.462181,2,66,2,1,2,7,2,3,3,4,3,2,4,2,24,2,3
"ESS1e06_7",1,"6.7","23.11.2023",3628,"ES",0.9016,0.9775834,2.0200796,1.9747963,0,66,2,1,2,9,2,2,2,1,3,3,2,2,72,1,2
"ESS1e06_7",1,"6.7","23.11.2023",3630,"ES",0.9016,0.9775834,2.0200796,1.9747963,2,0,2,1,3,8,2,2,2,2,3,3,4,2,68,1,2
"ESS1e06_7",1,"6.7","23.11.2023",3632,"ES",0.8621,0.9347545,2.0200796,1.8882785,5,66,2,2,3,7,7,3,3,3,3,88,3,2,74,1,1
"ESS1e06_7",1,"6.7","23.11.2023",3642,"ES",1.2932,1.649555,2.0200796,3.3322325,2,1,2,1,2,7,2,1,1,4,4,8,5,1,54,5,1
"ESS1e06_7",1,"6.7","23.11.2023",3654,"ES",0.8173,1.1048901,2.0200796,2.231966,2,1,2,3,3,7,2,1,1,4,4,1,2,2,19,2,2
"ESS1e06_7",1,"6.7","23.11.2023",3665,"ES",1.5438,2.0910587,2.0200796,4.224105,66,1,1,2,3,1,2,2,3,4,1,4,3,2,27,5,1
"ESS1e06_7",1,"6.7","23.11.2023",3667,"ES",1.175,1.588457,2.0200796,3.2088096,2,66,2,2,3,0,2,3,3,2,4,4,2,2,23,2,2
"ESS1e06_7",1,"6.7","23.11.2023",3671,"ES",0.3917,0.38259697,2.0200796,0.7728763,4,66,1,8,3,6,2,3,3,2,1,7,2,1,76,5,1
"ESS1e06_7",1,"6.7","23.11.2023",3674,"ES",1.9583,1.8605027,2.0200796,3.7583637,1,1,2,2,3,3,2,3,3,2,4,1,4,2,39,5,1
"ESS1e06_7",1,"6.7","23.11.2023",3675,"ES",1.5666,0.9432962,2.0200796,1.9055334,2,1,2,2,2,4,2,2,2,3,3,2,3,1,18,3,2
"ESS1e06_7",1,"6.7","23.11.2023",3676,"ES",1.5666,1.5735898,2.0200796,3.1787767,2,1,2,1,2,4,2,3,3,2,2,2,2,2,44,1,2
"ESS1e06_7",1,"6.7","23.11.2023",3677,"ES",0.7833,0.7539987,2.0200796,1.5231375,2,2,2,2,4,2,2,2,2,2,2,3,4,1,79,1,2
"ESS1e06_7",1,"6.7","23.11.2023",3679,"ES",0.7035,0.8973569,2.0200796,1.8127325,1,0,2,2,1,5,2,2,2,2,2,5,2,1,42,5,2
"ESS1e06_7",1,"6.7","23.11.2023",3682,"ES",1.0553,0.63542736,2.0200796,1.2836138,2,66,2,2,1,3,2,3,3,2,2,5,4,1,20,4,2
"ESS1e06_7",1,"6.7","23.11.2023",3684,"ES",0.7035,0.6771838,2.0200796,1.3679652,2,1,2,3,2,7,2,2,2,2,2,7,3,1,66,2,2
"ESS1e06_7",1,"6.7","23.11.2023",3685,"ES",1.0553,1.426637,2.0200796,2.8819203,1,66,2,2,2,5,2,2,2,3,3,5,3,2,17,2,2
"ESS1e06_7",1,"6.7","23.11.2023",3686,"ES",1.4071,0.84725654,2.0200796,1.7115257,1,66,2,1,3,0,2,2,3,4,3,4,4,1,17,3,1
"ESS1e06_7",1,"6.7","23.11.2023",3687,"ES",0.7035,0.42359817,2.0200796,0.85570204,1,66,2,2,1,1,2,2,2,2,2,3,8,1,19,4,2
"ESS1e06_7",1,"6.7","23.11.2023",3688,"ES",0.7035,0.6771838,2.0200796,1.3679652,7,66,2,3,4,5,2,2,2,3,2,4,4,1,82,1,1
"ESS1e06_7",1,"6.7","23.11.2023",3690,"ES",1.0553,1.0600085,2.0200796,2.1413016,2,1,2,3,2,5,2,3,3,3,2,5,8,2,54,2,2
"ESS1e06_7",1,"6.7","23.11.2023",3693,"ES",0.7413,0.70427954,2.0200796,1.4227008,2,66,2,3,2,4,2,3,3,3,2,5,3,2,36,5,2
"ESS1e06_7",1,"6.7","23.11.2023",3695,"ES",1.1119,0.8353353,2.0200796,1.6874439,2,1,1,3,2,4,2,8,8,2,3,88,3,2,24,4,2
"ESS1e06_7",1,"6.7","23.11.2023",3697,"ES",0.7413,0.9455731,2.0200796,1.9101329,2,1,2,1,2,6,2,1,1,2,2,2,3,1,37,5,2
"ESS1e06_7",1,"6.7","23.11.2023",3698,"ES",0.7413,1.1333073,2.0200796,2.289371,2,1,2,2,3,5,2,8,3,2,3,3,3,1,41,2,1
"ESS1e06_7",1,"6.7","23.11.2023",3699,"ES",0.7413,1.1333073,2.0200796,2.289371,3,3,2,3,3,3,2,3,3,1,1,5,2,1,43,1,1
"ESS1e06_7",1,"6.7","23.11.2023",3700,"ES",0.7413,1.0309235,2.0200796,2.0825474,1,66,2,2,3,4,2,2,2,2,4,2,4,1,30,2,2
"ESS1e06_7",1,"6.7","23.11.2023",3702,"ES",0.7413,0.9455731,2.0200796,1.9101329,1,1,2,2,2,5,2,2,3,2,4,5,4,1,35,5,2
